a_id,b_id,a_lat,a_lon,b_lat,b_lon,transit_status,transit_total_min_1dp,transit_riding_min_1dp,transit_total_dist_m,api_detail,written_at_utc
ST-1100,ST-1101,37.641739,127.024628,37.627335,127.026054,OK,14.6,6.2,2399.0,,2026-05-09T14:32:14.571564+00:00
ST-1100,ST-1103,37.641739,127.024628,37.63018,127.02491,OK,10.1,4.7,1541.0,,2026-05-09T14:32:15.023996+00:00
ST-1100,ST-1107,37.641739,127.024628,37.629917,127.040916,OK,13.3,7.7,2246.0,,2026-05-09T14:32:16.342955+00:00
ST-1100,ST-1110,37.641739,127.024628,37.636261,127.032173,OK,13.9,5.4,1576.0,,2026-05-09T14:32:16.879453+00:00
ST-1100,ST-1388,37.641739,127.024628,37.656158,127.013138,OK,12.1,4.9,2077.0,,2026-05-09T14:32:17.305786+00:00
ST-1100,ST-1389,37.641739,127.024628,37.649673,127.013451,OK,9.5,2.7,1349.0,,2026-05-09T14:32:18.570587+00:00
ST-1100,ST-1391,37.641739,127.024628,37.62653,127.018059,OK,13.1,8.7,2596.0,,2026-05-09T14:32:19.041358+00:00
ST-1100,ST-1423,37.641739,127.024628,37.630188,127.017738,OK,13.7,6.0,1962.0,,2026-05-09T14:32:20.772470+00:00
ST-1100,ST-2124,37.641739,127.024628,37.646862,127.008812,OK,12.6,7.5,1988.0,,2026-05-09T14:32:22.008200+00:00
ST-1100,ST-2126,37.641739,127.024628,37.635204,127.033966,OK,10.7,5.4,1380.0,,2026-05-09T14:32:22.430706+00:00
ST-1100,ST-2127,37.641739,127.024628,37.635391,127.034554,OK,11.2,5.4,1352.0,,2026-05-09T14:32:23.726654+00:00
ST-1100,ST-2129,37.641739,127.024628,37.632381,127.039307,OK,14.9,5.8,1817.0,,2026-05-09T14:32:25.004261+00:00
ST-1100,ST-2133,37.641739,127.024628,37.649597,127.013847,OK,8.5,2.7,1325.0,,2026-05-09T14:32:25.518177+00:00
ST-1100,ST-2136,37.641739,127.024628,37.647934,127.014572,OK,12.6,5.1,1661.0,,2026-05-09T14:32:26.238922+00:00
ST-1100,ST-2459,37.641739,127.024628,37.637135,127.03138,OK,10.7,2.6,940.0,,2026-05-09T14:32:26.609270+00:00
ST-1100,ST-3152,37.641739,127.024628,37.635361,127.037674,OK,13.2,5.4,1459.0,,2026-05-09T14:32:28.175833+00:00
ST-1100,ST-3184,37.641739,127.024628,37.624912,127.019791,OK,14.6,8.7,2637.0,,2026-05-09T14:32:28.632778+00:00
ST-1100,ST-645,37.641739,127.024628,37.640327,127.013359,OK,10.7,3.9,1068.0,,2026-05-09T14:32:29.920052+00:00
ST-1100,ST-647,37.641739,127.024628,37.62714,127.026695,OK,14.0,6.2,2374.0,,2026-05-09T14:32:30.652604+00:00
ST-1100,ST-651,37.641739,127.024628,37.645451,127.015617,OK,10.9,3.9,1603.0,,2026-05-09T14:32:31.073543+00:00
ST-1100,ST-652,37.641739,127.024628,37.639793,127.016853,OK,11.9,3.1,954.0,,2026-05-09T14:32:32.390983+00:00
ST-1100,ST-654,37.641739,127.024628,37.643085,127.016167,OK,13.0,3.1,1077.0,,2026-05-09T14:32:33.642936+00:00
ST-1100,ST-859,37.641739,127.024628,37.634377,127.035751,OK,8.9,5.4,1284.0,,2026-05-09T14:32:34.894858+00:00
ST-1100,ST-860,37.641739,127.024628,37.633717,127.035515,OK,9.9,5.4,1343.0,,2026-05-09T14:32:35.393441+00:00
ST-1100,ST-948,37.641739,127.024628,37.62608,127.026482,OK,11.9,6.2,2256.0,,2026-05-09T14:32:35.928046+00:00
ST-1101,ST-1102,37.627335,127.026054,37.615036,127.020699,OK,17.1,7.3,2194.0,,2026-05-09T14:32:37.221471+00:00
ST-1101,ST-1104,37.627335,127.026054,37.643551,127.022347,OK,10.8,9.1,2264.0,,2026-05-09T14:32:37.635914+00:00
ST-1101,ST-1105,37.627335,127.026054,37.613956,127.030251,OK,5.5,2.0,1740.0,,2026-05-09T14:32:38.940452+00:00
ST-1101,ST-1106,37.627335,127.026054,37.626354,127.047447,OK,17.0,15.2,3908.0,,2026-05-09T14:32:39.383876+00:00
ST-1101,ST-1107,37.627335,127.026054,37.629917,127.040916,OK,13.6,8.5,2793.0,,2026-05-09T14:32:39.792073+00:00
ST-1101,ST-1109,37.627335,127.026054,37.636292,127.023376,OK,8.1,2.0,1671.0,,2026-05-09T14:32:41.081875+00:00
ST-1101,ST-1110,37.627335,127.026054,37.636261,127.032173,OK,10.6,5.1,1769.0,,2026-05-09T14:32:42.401255+00:00
ST-1101,ST-1390,37.627335,127.026054,37.64167,127.016884,OK,11.2,10.2,2236.0,,2026-05-09T14:32:44.015357+00:00
ST-1101,ST-1391,37.627335,127.026054,37.62653,127.018059,OK,7.9,2.4,974.0,,2026-05-09T14:32:44.428407+00:00
ST-1101,ST-1392,37.627335,127.026054,37.621552,127.02037,OK,13.3,1.7,974.0,,2026-05-09T14:32:45.752585+00:00
ST-1101,ST-1423,37.627335,127.026054,37.630188,127.017738,OK,8.8,3.8,1415.0,,2026-05-09T14:32:47.022543+00:00
ST-1101,ST-1665,37.627335,127.026054,37.615459,127.029701,OK,7.5,2.0,1908.0,,2026-05-09T14:32:48.349264+00:00
ST-1101,ST-1724,37.627335,127.026054,37.617752,127.035706,OK,18.1,2.1,1614.0,,2026-05-09T14:32:49.635548+00:00
ST-1101,ST-1725,37.627335,127.026054,37.622688,127.037811,OK,28.9,0.9,1332.0,,2026-05-09T14:32:50.904711+00:00
ST-1101,ST-2123,37.627335,127.026054,37.615223,127.018509,OK,20.5,7.3,2252.0,,2026-05-09T14:32:52.175484+00:00
ST-1101,ST-2125,37.627335,127.026054,37.639202,127.027237,OK,6.7,5.4,1498.0,,2026-05-09T14:32:52.635978+00:00
ST-1101,ST-2126,37.627335,127.026054,37.635204,127.033966,OK,8.8,6.0,1928.0,,2026-05-09T14:32:53.051563+00:00
ST-1101,ST-2127,37.627335,127.026054,37.635391,127.034554,OK,7.4,6.0,1885.0,,2026-05-09T14:32:54.346945+00:00
ST-1101,ST-2129,37.627335,127.026054,37.632381,127.039307,OK,15.3,7.8,3071.0,,2026-05-09T14:32:55.647999+00:00
ST-1101,ST-2130,37.627335,127.026054,37.625526,127.037323,OK,18.3,1.1,1175.0,,2026-05-09T14:32:56.917168+00:00
ST-1101,ST-2132,37.627335,127.026054,37.619808,127.028526,OK,6.0,2.1,979.0,,2026-05-09T14:32:57.403587+00:00
ST-1101,ST-2134,37.627335,127.026054,37.635612,127.022995,OK,6.9,2.5,1094.0,,2026-05-09T14:32:58.780011+00:00
ST-1101,ST-2137,37.627335,127.026054,37.63797,127.025902,OK,5.8,2.0,1468.0,,2026-05-09T14:32:59.274985+00:00
ST-1101,ST-2401,37.627335,127.026054,37.626572,127.038643,OK,18.5,1.9,1330.0,,2026-05-09T14:32:59.745374+00:00
ST-1101,ST-2403,37.627335,127.026054,37.616665,127.02211,OK,13.4,7.3,2023.0,,2026-05-09T14:33:01.183990+00:00
ST-1101,ST-2405,37.627335,127.026054,37.616699,127.030495,OK,9.4,2.1,1326.0,,2026-05-09T14:33:01.661717+00:00
ST-1101,ST-2458,37.627335,127.026054,37.617088,127.028099,OK,10.5,2.1,1250.0,,2026-05-09T14:33:02.140441+00:00
ST-1101,ST-2459,37.627335,127.026054,37.637135,127.03138,OK,12.5,2.9,1500.0,,2026-05-09T14:33:03.460377+00:00
ST-1101,ST-2461,37.627335,127.026054,37.612209,127.024979,OK,12.1,2.0,2124.0,,2026-05-09T14:33:04.729607+00:00
ST-1101,ST-2610,37.627335,127.026054,37.628685,127.043907,OK,13.7,7.9,3072.0,,2026-05-09T14:33:05.168524+00:00
ST-1101,ST-3152,37.627335,127.026054,37.635361,127.037674,OK,10.1,8.3,2384.0,,2026-05-09T14:33:05.593947+00:00
ST-1101,ST-3234,37.627335,127.026054,37.617928,127.021362,OK,10.9,7.3,1868.0,,2026-05-09T14:33:05.984374+00:00
ST-1101,ST-643,37.627335,127.026054,37.639263,127.026726,OK,8.3,5.4,1496.0,,2026-05-09T14:33:07.363721+00:00
ST-1101,ST-644,37.627335,127.026054,37.624157,127.018623,OK,7.0,2.4,874.0,,2026-05-09T14:33:08.143623+00:00
ST-1101,ST-645,37.627335,127.026054,37.640327,127.013359,OK,14.9,12.3,2672.0,,2026-05-09T14:33:08.591140+00:00
ST-1101,ST-646,37.627335,127.026054,37.638805,127.028358,OK,7.2,6.3,1655.0,,2026-05-09T14:33:09.086211+00:00
ST-1101,ST-648,37.627335,127.026054,37.618286,127.024048,OK,13.4,7.3,1992.0,,2026-05-09T14:33:09.621435+00:00
ST-1101,ST-650,37.627335,127.026054,37.639862,127.022789,OK,11.1,2.0,1751.0,,2026-05-09T14:33:10.231019+00:00
ST-1101,ST-652,37.627335,127.026054,37.639793,127.016853,OK,14.4,10.2,2444.0,,2026-05-09T14:33:11.554325+00:00
ST-1101,ST-654,37.627335,127.026054,37.643085,127.016167,OK,13.6,10.2,2377.0,,2026-05-09T14:33:12.070847+00:00
ST-1101,ST-859,37.627335,127.026054,37.634377,127.035751,OK,11.4,10.1,2471.0,,2026-05-09T14:33:13.308639+00:00
ST-1101,ST-860,37.627335,127.026054,37.633717,127.035515,OK,12.5,10.1,2530.0,,2026-05-09T14:33:14.593531+00:00
ST-1101,ST-862,37.627335,127.026054,37.644737,127.026566,OK,15.5,7.3,3118.0,,2026-05-09T14:33:15.963888+00:00
ST-1101,ST-863,37.627335,127.026054,37.639671,127.0252,OK,9.2,2.0,1633.0,,2026-05-09T14:33:16.420562+00:00
ST-1102,ST-1103,37.615036,127.020699,37.63018,127.02491,OK,15.6,8.7,3177.0,,2026-05-09T14:33:16.894666+00:00
ST-1102,ST-1105,37.615036,127.020699,37.613956,127.030251,OK,12.1,6.9,1898.0,,2026-05-09T14:33:18.214039+00:00
ST-1102,ST-1391,37.615036,127.020699,37.62653,127.018059,OK,11.3,6.1,1613.0,,2026-05-09T14:33:18.622116+00:00
ST-1102,ST-1392,37.615036,127.020699,37.621552,127.02037,OK,9.2,4.0,1034.0,,2026-05-09T14:33:19.842427+00:00
ST-1102,ST-1423,37.615036,127.020699,37.630188,127.017738,OK,12.2,7.5,2023.0,,2026-05-09T14:33:21.129996+00:00
ST-1102,ST-1665,37.615036,127.020699,37.615459,127.029701,OK,8.9,6.9,1797.0,,2026-05-09T14:33:22.446438+00:00
ST-1102,ST-1724,37.615036,127.020699,37.617752,127.035706,OK,19.6,5.6,2079.0,,2026-05-09T14:33:22.820318+00:00
ST-1102,ST-1725,37.615036,127.020699,37.622688,127.037811,OK,16.5,9.6,2843.0,,2026-05-09T14:33:23.233976+00:00
ST-1102,ST-2130,37.615036,127.020699,37.625526,127.037323,OK,18.8,10.2,3130.0,,2026-05-09T14:33:23.660277+00:00
ST-1102,ST-2132,37.615036,127.020699,37.619808,127.028526,OK,12.8,4.5,1482.0,,2026-05-09T14:33:24.917358+00:00
ST-1102,ST-2405,37.615036,127.020699,37.616699,127.030495,OK,11.0,5.6,1620.0,,2026-05-09T14:33:25.661951+00:00
ST-1102,ST-3184,37.615036,127.020699,37.624912,127.019791,OK,12.6,5.0,1422.0,,2026-05-09T14:33:26.952911+00:00
ST-1102,ST-3193,37.615036,127.020699,37.62302,127.021866,OK,10.9,4.0,1207.0,,2026-05-09T14:33:28.308322+00:00
ST-1102,ST-644,37.615036,127.020699,37.624157,127.018623,OK,9.3,5.0,1341.0,,2026-05-09T14:33:28.758362+00:00
ST-1102,ST-647,37.615036,127.020699,37.62714,127.026695,OK,18.3,7.1,2725.0,,2026-05-09T14:33:29.226043+00:00
ST-1102,ST-948,37.615036,127.020699,37.62608,127.026482,OK,15.9,7.1,2613.0,,2026-05-09T14:33:30.530282+00:00
ST-1103,ST-1104,37.63018,127.02491,37.643551,127.022347,OK,9.8,8.5,1919.0,,2026-05-09T14:33:30.953445+00:00
ST-1103,ST-1105,37.63018,127.02491,37.613956,127.030251,OK,8.6,4.8,2153.0,,2026-05-09T14:33:32.371567+00:00
ST-1103,ST-1107,37.63018,127.02491,37.629917,127.040916,OK,12.6,7.8,2448.0,,2026-05-09T14:33:34.469449+00:00
ST-1103,ST-1110,37.63018,127.02491,37.636261,127.032173,OK,9.6,4.5,1424.0,,2026-05-09T14:33:34.995631+00:00
ST-1103,ST-1390,37.63018,127.02491,37.64167,127.016884,OK,10.2,9.5,1891.0,,2026-05-09T14:33:36.047590+00:00
ST-1103,ST-1391,37.63018,127.02491,37.62653,127.018059,OK,12.0,7.8,1920.0,,2026-05-09T14:33:37.033585+00:00
ST-1103,ST-1392,37.63018,127.02491,37.621552,127.02037,OK,17.2,1.7,1298.0,,2026-05-09T14:33:38.473910+00:00
ST-1103,ST-1665,37.63018,127.02491,37.615459,127.029701,OK,14.0,5.9,2213.0,,2026-05-09T14:33:39.799921+00:00
ST-1103,ST-1724,37.63018,127.02491,37.617752,127.035706,OK,15.0,11.0,2939.0,,2026-05-09T14:33:40.317419+00:00
ST-1103,ST-1725,37.63018,127.02491,37.622688,127.037811,OK,22.5,6.6,2789.0,,2026-05-09T14:33:40.827534+00:00
ST-1103,ST-2123,37.63018,127.02491,37.615223,127.018509,OK,21.2,9.6,3665.0,,2026-05-09T14:33:41.336050+00:00
ST-1103,ST-2125,37.63018,127.02491,37.639202,127.027237,OK,5.7,4.7,1153.0,,2026-05-09T14:33:41.727262+00:00
ST-1103,ST-2126,37.63018,127.02491,37.635204,127.033966,OK,7.8,5.4,1583.0,,2026-05-09T14:33:43.064946+00:00
ST-1103,ST-2127,37.63018,127.02491,37.635391,127.034554,OK,6.5,5.4,1540.0,,2026-05-09T14:33:45.359083+00:00
ST-1103,ST-2129,37.63018,127.02491,37.632381,127.039307,OK,13.8,10.6,2562.0,,2026-05-09T14:33:46.590789+00:00
ST-1103,ST-2130,37.63018,127.02491,37.625526,127.037323,OK,22.7,1.1,1414.0,,2026-05-09T14:33:47.911123+00:00
ST-1103,ST-2132,37.63018,127.02491,37.619808,127.028526,OK,7.1,3.0,1496.0,,2026-05-09T14:33:48.436207+00:00
ST-1103,ST-2137,37.63018,127.02491,37.63797,127.025902,OK,5.2,3.5,973.0,,2026-05-09T14:33:48.961349+00:00
ST-1103,ST-2401,37.63018,127.02491,37.626572,127.038643,OK,15.0,9.8,2735.0,,2026-05-09T14:33:50.318774+00:00
ST-1103,ST-2403,37.63018,127.02491,37.616665,127.02211,OK,18.2,13.7,3095.0,,2026-05-09T14:33:50.828321+00:00
ST-1103,ST-2405,37.63018,127.02491,37.616699,127.030495,OK,11.2,5.8,2231.0,,2026-05-09T14:33:51.362259+00:00
ST-1103,ST-2458,37.63018,127.02491,37.617088,127.028099,OK,13.4,5.8,2194.0,,2026-05-09T14:33:52.717329+00:00
ST-1103,ST-2459,37.63018,127.02491,37.637135,127.03138,OK,10.2,4.5,1536.0,,2026-05-09T14:33:53.153576+00:00
ST-1103,ST-2461,37.63018,127.02491,37.612209,127.024979,OK,16.9,4.8,2596.0,,2026-05-09T14:33:54.531959+00:00
ST-1103,ST-2610,37.63018,127.02491,37.628685,127.043907,OK,13.5,11.6,3112.0,,2026-05-09T14:33:55.313522+00:00
ST-1103,ST-3152,37.63018,127.02491,37.635361,127.037674,OK,9.1,7.7,2039.0,,2026-05-09T14:33:55.776930+00:00
ST-1103,ST-3184,37.63018,127.02491,37.624912,127.019791,OK,9.2,2.4,1177.0,,2026-05-09T14:33:57.044375+00:00
ST-1103,ST-3193,37.63018,127.02491,37.62302,127.021866,OK,11.3,1.6,1327.0,,2026-05-09T14:33:57.536509+00:00
ST-1103,ST-3234,37.63018,127.02491,37.617928,127.021362,OK,17.6,13.7,2955.0,,2026-05-09T14:33:58.921199+00:00
ST-1103,ST-643,37.63018,127.02491,37.639263,127.026726,OK,7.3,4.7,1151.0,,2026-05-09T14:34:00.296361+00:00
ST-1103,ST-644,37.63018,127.02491,37.624157,127.018623,OK,10.8,2.4,1198.0,,2026-05-09T14:34:01.125372+00:00
ST-1103,ST-645,37.63018,127.02491,37.640327,127.013359,OK,14.0,11.7,2327.0,,2026-05-09T14:34:01.545123+00:00
ST-1103,ST-646,37.63018,127.02491,37.638805,127.028358,OK,6.2,5.7,1310.0,,2026-05-09T14:34:02.894623+00:00
ST-1103,ST-648,37.63018,127.02491,37.618286,127.024048,OK,18.7,5.8,2448.0,,2026-05-09T14:34:03.705267+00:00
ST-1103,ST-650,37.63018,127.02491,37.639862,127.022789,OK,11.1,3.5,1253.0,,2026-05-09T14:34:04.986140+00:00
ST-1103,ST-651,37.63018,127.02491,37.645451,127.015617,OK,15.6,9.9,2625.0,,2026-05-09T14:34:05.456079+00:00
ST-1103,ST-652,37.63018,127.02491,37.639793,127.016853,OK,13.4,9.5,2099.0,,2026-05-09T14:34:06.260732+00:00
ST-1103,ST-654,37.63018,127.02491,37.643085,127.016167,OK,12.6,9.5,2032.0,,2026-05-09T14:34:07.064650+00:00
ST-1103,ST-859,37.63018,127.02491,37.634377,127.035751,OK,10.5,9.4,2126.0,,2026-05-09T14:34:08.422394+00:00
ST-1103,ST-860,37.63018,127.02491,37.633717,127.035515,OK,11.5,9.4,2185.0,,2026-05-09T14:34:08.887017+00:00
ST-1103,ST-862,37.63018,127.02491,37.644737,127.026566,OK,15.4,5.9,1807.0,,2026-05-09T14:34:09.408782+00:00
ST-1103,ST-863,37.63018,127.02491,37.639671,127.0252,OK,11.3,4.7,1284.0,,2026-05-09T14:34:09.930927+00:00
ST-1104,ST-1109,37.643551,127.022347,37.636292,127.023376,OK,6.9,4.8,1197.0,,2026-05-09T14:34:10.454402+00:00
ST-1104,ST-1110,37.643551,127.022347,37.636261,127.032173,OK,14.4,7.4,1933.0,,2026-05-09T14:34:11.779504+00:00
ST-1104,ST-1388,37.643551,127.022347,37.656158,127.013138,OK,7.8,4.9,1795.0,,2026-05-09T14:34:12.287120+00:00
ST-1104,ST-1389,37.643551,127.022347,37.649673,127.013451,OK,5.2,2.7,1067.0,,2026-05-09T14:34:13.619317+00:00
ST-1104,ST-1391,37.643551,127.022347,37.62653,127.018059,OK,10.6,7.7,3648.0,,2026-05-09T14:34:14.909750+00:00
ST-1104,ST-1423,37.643551,127.022347,37.630188,127.017738,OK,15.6,7.4,2251.0,,2026-05-09T14:34:16.228142+00:00
ST-1104,ST-2124,37.643551,127.022347,37.646862,127.008812,OK,6.4,5.5,1414.0,,2026-05-09T14:34:17.447658+00:00
ST-1104,ST-2126,37.643551,127.022347,37.635204,127.033966,OK,11.2,7.4,1737.0,,2026-05-09T14:34:17.866826+00:00
ST-1104,ST-2127,37.643551,127.022347,37.635391,127.034554,OK,11.6,7.4,1709.0,,2026-05-09T14:34:19.114651+00:00
ST-1104,ST-2129,37.643551,127.022347,37.632381,127.039307,OK,15.2,11.1,2449.0,,2026-05-09T14:34:20.461178+00:00
ST-1104,ST-2133,37.643551,127.022347,37.649597,127.013847,OK,4.2,2.7,1043.0,,2026-05-09T14:34:20.839781+00:00
ST-1104,ST-2134,37.643551,127.022347,37.635612,127.022995,OK,9.2,4.8,1273.0,,2026-05-09T14:34:21.245438+00:00
ST-1104,ST-2136,37.643551,127.022347,37.647934,127.014572,OK,6.5,3.1,1087.0,,2026-05-09T14:34:22.802442+00:00
ST-1104,ST-2459,37.643551,127.022347,37.637135,127.03138,OK,9.7,3.6,1146.0,,2026-05-09T14:34:23.326906+00:00
ST-1104,ST-3152,37.643551,127.022347,37.635361,127.037674,OK,13.7,7.4,1816.0,,2026-05-09T14:34:24.634365+00:00
ST-1104,ST-645,37.643551,127.022347,37.640327,127.013359,OK,6.8,3.9,949.0,,2026-05-09T14:34:25.913934+00:00
ST-1104,ST-646,37.643551,127.022347,37.638805,127.028358,OK,5.1,3.6,825.0,,2026-05-09T14:34:27.331118+00:00
ST-1104,ST-647,37.643551,127.022347,37.62714,127.026695,OK,14.4,8.3,2731.0,,2026-05-09T14:34:28.649070+00:00
ST-1104,ST-859,37.643551,127.022347,37.634377,127.035751,OK,9.4,7.4,1641.0,,2026-05-09T14:34:30.001985+00:00
ST-1104,ST-860,37.643551,127.022347,37.633717,127.035515,OK,10.4,7.4,1700.0,,2026-05-09T14:34:31.288905+00:00
ST-1104,ST-948,37.643551,127.022347,37.62608,127.026482,OK,12.4,8.3,2613.0,,2026-05-09T14:34:32.606969+00:00
ST-1105,ST-1391,37.613956,127.030251,37.62653,127.018059,OK,12.4,8.1,2288.0,,2026-05-09T14:34:33.367350+00:00
ST-1105,ST-1392,37.613956,127.030251,37.621552,127.02037,OK,10.2,6.1,1709.0,,2026-05-09T14:34:33.871832+00:00
ST-1105,ST-1725,37.613956,127.030251,37.622688,127.037811,OK,9.6,4.0,1372.0,,2026-05-09T14:34:35.179452+00:00
ST-1105,ST-2123,37.613956,127.030251,37.615223,127.018509,OK,12.0,8.3,2284.0,,2026-05-09T14:34:36.419059+00:00
ST-1105,ST-2130,37.613956,127.030251,37.625526,127.037323,OK,11.8,4.6,1659.0,,2026-05-09T14:34:36.911718+00:00
ST-1105,ST-2401,37.613956,127.030251,37.626572,127.038643,OK,12.8,7.7,2134.0,,2026-05-09T14:34:38.242445+00:00
ST-1105,ST-2403,37.613956,127.030251,37.616665,127.02211,OK,8.7,6.2,1778.0,,2026-05-09T14:34:38.767100+00:00
ST-1105,ST-3184,37.613956,127.030251,37.624912,127.019791,OK,13.6,7.0,2098.0,,2026-05-09T14:34:39.546096+00:00
ST-1105,ST-3193,37.613956,127.030251,37.62302,127.021866,OK,12.0,6.1,1882.0,,2026-05-09T14:34:40.338657+00:00
ST-1105,ST-3234,37.613956,127.030251,37.617928,127.021362,OK,6.0,5.4,1372.0,,2026-05-09T14:34:40.865533+00:00
ST-1105,ST-644,37.613956,127.030251,37.624157,127.018623,OK,10.3,7.0,2017.0,,2026-05-09T14:34:42.287560+00:00
ST-1105,ST-647,37.613956,127.030251,37.62714,127.026695,OK,6.7,2.0,1732.0,,2026-05-09T14:34:42.789806+00:00
ST-1105,ST-648,37.613956,127.030251,37.618286,127.024048,OK,5.8,2.9,905.0,,2026-05-09T14:34:43.302742+00:00
ST-1105,ST-948,37.613956,127.030251,37.62608,127.026482,OK,5.5,2.0,1691.0,,2026-05-09T14:34:44.664447+00:00
ST-1106,ST-1110,37.626354,127.047447,37.636261,127.032173,OK,9.9,4.6,1886.0,,2026-05-09T14:34:45.104639+00:00
ST-1106,ST-1665,37.626354,127.047447,37.615459,127.029701,OK,19.7,7.2,3131.0,,2026-05-09T14:34:45.976541+00:00
ST-1106,ST-1724,37.626354,127.047447,37.617752,127.035706,OK,13.7,5.4,2508.0,,2026-05-09T14:34:47.264196+00:00
ST-1106,ST-1725,37.626354,127.047447,37.622688,127.037811,OK,16.4,4.0,1592.0,,2026-05-09T14:34:47.677872+00:00
ST-1106,ST-2126,37.626354,127.047447,37.635204,127.033966,OK,11.0,8.4,2078.0,,2026-05-09T14:34:49.000922+00:00
ST-1106,ST-2127,37.626354,127.047447,37.635391,127.034554,OK,6.5,3.4,1560.0,,2026-05-09T14:34:50.303696+00:00
ST-1106,ST-2129,37.626354,127.047447,37.632381,127.039307,OK,4.3,1.9,1028.0,,2026-05-09T14:34:51.098557+00:00
ST-1106,ST-2130,37.626354,127.047447,37.625526,127.037323,OK,11.0,4.6,1935.0,,2026-05-09T14:34:52.442525+00:00
ST-1106,ST-2132,37.626354,127.047447,37.619808,127.028526,OK,17.6,13.6,4802.0,,2026-05-09T14:34:53.790222+00:00
ST-1106,ST-2401,37.626354,127.047447,37.626572,127.038643,OK,10.5,4.0,1197.0,,2026-05-09T14:34:55.601945+00:00
ST-1106,ST-2405,37.626354,127.047447,37.616699,127.030495,OK,14.9,7.2,3020.0,,2026-05-09T14:34:56.901444+00:00
ST-1106,ST-2458,37.626354,127.047447,37.617088,127.028099,OK,22.1,13.6,5073.0,,2026-05-09T14:34:58.317354+00:00
ST-1106,ST-2459,37.626354,127.047447,37.637135,127.03138,OK,10.9,4.6,1988.0,,2026-05-09T14:34:58.842824+00:00
ST-1106,ST-3152,37.626354,127.047447,37.635361,127.037674,OK,7.8,2.9,1481.0,,2026-05-09T14:34:59.258832+00:00
ST-1106,ST-647,37.626354,127.047447,37.62714,127.026695,OK,16.9,9.5,4065.0,,2026-05-09T14:35:00.554395+00:00
ST-1106,ST-859,37.626354,127.047447,37.634377,127.035751,OK,7.1,2.9,1420.0,,2026-05-09T14:35:01.931836+00:00
ST-1106,ST-860,37.626354,127.047447,37.633717,127.035515,OK,8.1,2.9,1468.0,,2026-05-09T14:35:02.363976+00:00
ST-1106,ST-948,37.626354,127.047447,37.62608,127.026482,OK,15.7,9.5,4024.0,,2026-05-09T14:35:02.883569+00:00
ST-1107,ST-1109,37.629917,127.040916,37.636292,127.023376,OK,9.6,6.7,1986.0,,2026-05-09T14:35:03.650465+00:00
ST-1107,ST-1110,37.629917,127.040916,37.636261,127.032173,OK,7.0,3.8,1272.0,,2026-05-09T14:35:04.980693+00:00
ST-1107,ST-1665,37.629917,127.040916,37.615459,127.029701,OK,14.6,5.4,2172.0,,2026-05-09T14:35:05.506223+00:00
ST-1107,ST-1724,37.629917,127.040916,37.617752,127.035706,OK,8.6,3.6,1549.0,,2026-05-09T14:35:06.030478+00:00
ST-1107,ST-1725,37.629917,127.040916,37.622688,127.037811,OK,9.1,1.4,971.0,,2026-05-09T14:35:06.553687+00:00
ST-1107,ST-2125,37.629917,127.040916,37.639202,127.027237,OK,11.0,10.3,2401.0,,2026-05-09T14:35:07.828723+00:00
ST-1107,ST-2126,37.629917,127.040916,37.635204,127.033966,OK,7.0,2.4,963.0,,2026-05-09T14:35:09.173619+00:00
ST-1107,ST-2127,37.629917,127.040916,37.635391,127.034554,OK,6.0,1.8,901.0,,2026-05-09T14:35:09.894759+00:00
ST-1107,ST-2132,37.629917,127.040916,37.619808,127.028526,OK,17.3,4.2,1882.0,,2026-05-09T14:35:11.179212+00:00
ST-1107,ST-2134,37.629917,127.040916,37.635612,127.022995,OK,11.6,6.7,1993.0,,2026-05-09T14:35:12.481774+00:00
ST-1107,ST-2137,37.629917,127.040916,37.63797,127.025902,OK,11.1,6.0,1932.0,,2026-05-09T14:35:13.782931+00:00
ST-1107,ST-2405,37.629917,127.040916,37.616699,127.030495,OK,9.8,5.4,2061.0,,2026-05-09T14:35:15.470222+00:00
ST-1107,ST-2458,37.629917,127.040916,37.617088,127.028099,OK,14.1,5.4,2276.0,,2026-05-09T14:35:16.240661+00:00
ST-1107,ST-2459,37.629917,127.040916,37.637135,127.03138,OK,8.1,3.8,1374.0,,2026-05-09T14:35:17.566702+00:00
ST-1107,ST-3184,37.629917,127.040916,37.624912,127.019791,OK,19.3,13.1,4011.0,,2026-05-09T14:35:18.088566+00:00
ST-1107,ST-3193,37.629917,127.040916,37.62302,127.021866,OK,16.9,9.2,3539.0,,2026-05-09T14:35:18.615793+00:00
ST-1107,ST-643,37.629917,127.040916,37.639263,127.026726,OK,10.3,6.0,1945.0,,2026-05-09T14:35:19.400965+00:00
ST-1107,ST-646,37.629917,127.040916,37.638805,127.028358,OK,11.5,11.2,2558.0,,2026-05-09T14:35:20.810263+00:00
ST-1107,ST-647,37.629917,127.040916,37.62714,127.026695,OK,11.5,7.3,2115.0,,2026-05-09T14:35:22.168343+00:00
ST-1107,ST-648,37.629917,127.040916,37.618286,127.024048,OK,17.4,10.5,3313.0,,2026-05-09T14:35:23.493202+00:00
ST-1107,ST-650,37.629917,127.040916,37.639862,127.022789,OK,15.6,6.0,2181.0,,2026-05-09T14:35:24.380772+00:00
ST-1107,ST-863,37.629917,127.040916,37.639671,127.0252,OK,12.8,6.0,1999.0,,2026-05-09T14:35:25.721094+00:00
ST-1107,ST-948,37.629917,127.040916,37.62608,127.026482,OK,13.0,7.5,2188.0,,2026-05-09T14:35:27.102399+00:00
ST-1109,ST-1110,37.636292,127.023376,37.636261,127.032173,OK,12.1,2.6,1029.0,,2026-05-09T14:35:28.313717+00:00
ST-1109,ST-1389,37.636292,127.023376,37.649673,127.013451,OK,10.5,6.8,1951.0,,2026-05-09T14:35:29.620852+00:00
ST-1109,ST-1390,37.636292,127.023376,37.64167,127.016884,OK,9.0,4.8,1478.0,,2026-05-09T14:35:30.911475+00:00
ST-1109,ST-1391,37.636292,127.023376,37.62653,127.018059,OK,10.1,4.8,1719.0,,2026-05-09T14:35:31.389961+00:00
ST-1109,ST-1392,37.636292,127.023376,37.621552,127.02037,OK,11.6,7.3,2095.0,,2026-05-09T14:35:32.677540+00:00
ST-1109,ST-1423,37.636292,127.023376,37.630188,127.017738,OK,9.3,4.3,976.0,,2026-05-09T14:35:33.100380+00:00
ST-1109,ST-1725,37.636292,127.023376,37.622688,127.037811,OK,16.4,11.7,3939.0,,2026-05-09T14:35:33.860180+00:00
ST-1109,ST-2124,37.636292,127.023376,37.646862,127.008812,OK,10.5,9.1,2215.0,,2026-05-09T14:35:35.135061+00:00
ST-1109,ST-2126,37.636292,127.023376,37.635204,127.033966,OK,10.2,3.5,1188.0,,2026-05-09T14:35:35.581189+00:00
ST-1109,ST-2127,37.636292,127.023376,37.635391,127.034554,OK,8.9,3.5,1145.0,,2026-05-09T14:35:36.825878+00:00
ST-1109,ST-2129,37.636292,127.023376,37.632381,127.039307,OK,13.4,7.1,1881.0,,2026-05-09T14:35:38.036796+00:00
ST-1109,ST-2130,37.636292,127.023376,37.625526,127.037323,OK,15.0,10.4,2893.0,,2026-05-09T14:35:38.534225+00:00
ST-1109,ST-2132,37.636292,127.023376,37.619808,127.028526,OK,7.2,4.8,2013.0,,2026-05-09T14:35:39.065243+00:00
ST-1109,ST-2133,37.636292,127.023376,37.649597,127.013847,OK,11.0,6.8,1947.0,,2026-05-09T14:35:39.589231+00:00
ST-1109,ST-2136,37.636292,127.023376,37.647934,127.014572,OK,10.5,6.8,1888.0,,2026-05-09T14:35:40.372865+00:00
ST-1109,ST-2401,37.636292,127.023376,37.626572,127.038643,OK,18.1,8.8,2421.0,,2026-05-09T14:35:41.705360+00:00
ST-1109,ST-2459,37.636292,127.023376,37.637135,127.03138,OK,9.2,3.9,1004.0,,2026-05-09T14:35:42.992152+00:00
ST-1109,ST-2610,37.636292,127.023376,37.628685,127.043907,OK,13.1,8.1,2431.0,,2026-05-09T14:35:43.503450+00:00
ST-1109,ST-3152,37.636292,127.023376,37.635361,127.037674,OK,11.6,5.8,1644.0,,2026-05-09T14:35:44.829436+00:00
ST-1109,ST-3184,37.636292,127.023376,37.624912,127.019791,OK,11.6,4.8,1760.0,,2026-05-09T14:35:45.353042+00:00
ST-1109,ST-3193,37.636292,127.023376,37.62302,127.021866,OK,16.0,7.3,2268.0,,2026-05-09T14:35:45.872555+00:00
ST-1109,ST-644,37.636292,127.023376,37.624157,127.018623,OK,12.4,6.4,1979.0,,2026-05-09T14:35:47.217404+00:00
ST-1109,ST-645,37.636292,127.023376,37.640327,127.013359,OK,12.6,9.6,2055.0,,2026-05-09T14:35:48.530674+00:00
ST-1109,ST-647,37.636292,127.023376,37.62714,127.026695,OK,8.7,3.5,1618.0,,2026-05-09T14:35:49.212856+00:00
ST-1109,ST-648,37.636292,127.023376,37.618286,127.024048,OK,14.4,9.6,3612.0,,2026-05-09T14:35:49.688148+00:00
ST-1109,ST-651,37.636292,127.023376,37.645451,127.015617,OK,11.0,5.9,1883.0,,2026-05-09T14:35:51.025101+00:00
ST-1109,ST-654,37.636292,127.023376,37.643085,127.016167,OK,11.4,4.8,1619.0,,2026-05-09T14:35:51.479721+00:00
ST-1109,ST-859,37.636292,127.023376,37.634377,127.035751,OK,11.4,8.3,1708.0,,2026-05-09T14:35:52.770132+00:00
ST-1109,ST-860,37.636292,127.023376,37.633717,127.035515,OK,12.4,8.3,1767.0,,2026-05-09T14:35:53.125395+00:00
ST-1109,ST-862,37.636292,127.023376,37.644737,127.026566,OK,9.2,3.9,1313.0,,2026-05-09T14:35:53.562515+00:00
ST-1109,ST-948,37.636292,127.023376,37.62608,127.026482,OK,6.7,3.5,1500.0,,2026-05-09T14:35:54.049412+00:00
ST-1110,ST-1390,37.636261,127.032173,37.64167,127.016884,OK,17.4,11.3,3213.0,,2026-05-09T14:35:55.463874+00:00
ST-1110,ST-1391,37.636261,127.032173,37.62653,127.018059,OK,14.6,6.8,2478.0,,2026-05-09T14:35:56.190462+00:00
ST-1110,ST-1392,37.636261,127.032173,37.621552,127.02037,OK,16.1,9.3,2854.0,,2026-05-09T14:35:56.665242+00:00
ST-1110,ST-1423,37.636261,127.032173,37.630188,127.017738,OK,12.5,6.9,1733.0,,2026-05-09T14:35:58.043444+00:00
ST-1110,ST-1725,37.636261,127.032173,37.622688,127.037811,OK,12.2,6.5,2307.0,,2026-05-09T14:35:59.340896+00:00
ST-1110,ST-2129,37.636261,127.032173,37.632381,127.039307,OK,7.1,3.2,1002.0,,2026-05-09T14:36:00.575020+00:00
ST-1110,ST-2130,37.636261,127.032173,37.625526,127.037323,OK,8.7,6.5,2014.0,,2026-05-09T14:36:01.849582+00:00
ST-1110,ST-2132,37.636261,127.032173,37.619808,127.028526,OK,11.7,6.9,2632.0,,2026-05-09T14:36:03.177425+00:00
ST-1110,ST-2134,37.636261,127.032173,37.635612,127.022995,OK,10.6,3.0,916.0,,2026-05-09T14:36:04.447445+00:00
ST-1110,ST-2401,37.636261,127.032173,37.626572,127.038643,OK,14.6,5.3,1547.0,,2026-05-09T14:36:05.695253+00:00
ST-1110,ST-2610,37.636261,127.032173,37.628685,127.043907,OK,6.7,4.2,1552.0,,2026-05-09T14:36:06.970613+00:00
ST-1110,ST-3184,37.636261,127.032173,37.624912,127.019791,OK,14.4,7.5,2861.0,,2026-05-09T14:36:07.426523+00:00
ST-1110,ST-3193,37.636261,127.032173,37.62302,127.021866,OK,15.8,5.5,2463.0,,2026-05-09T14:36:08.730996+00:00
ST-1110,ST-644,37.636261,127.032173,37.624157,127.018623,OK,16.0,7.5,2882.0,,2026-05-09T14:36:10.068799+00:00
ST-1110,ST-645,37.636261,127.032173,37.640327,127.013359,OK,18.0,14.3,2905.0,,2026-05-09T14:36:11.384294+00:00
ST-1110,ST-647,37.636261,127.032173,37.62714,127.026695,OK,13.2,5.5,2237.0,,2026-05-09T14:36:12.731202+00:00
ST-1110,ST-650,37.636261,127.032173,37.639862,127.022789,OK,17.3,6.3,1817.0,,2026-05-09T14:36:13.522327+00:00
ST-1110,ST-651,37.636261,127.032173,37.645451,127.015617,OK,18.0,10.2,3116.0,,2026-05-09T14:36:14.799906+00:00
ST-1110,ST-652,37.636261,127.032173,37.639793,127.016853,OK,19.2,13.5,2791.0,,2026-05-09T14:36:16.064364+00:00
ST-1110,ST-654,37.636261,127.032173,37.643085,127.016167,OK,15.9,6.9,2378.0,,2026-05-09T14:36:16.582113+00:00
ST-1110,ST-862,37.636261,127.032173,37.644737,127.026566,OK,18.6,8.1,2031.0,,2026-05-09T14:36:17.090597+00:00
ST-1110,ST-863,37.636261,127.032173,37.639671,127.0252,OK,15.3,6.3,1610.0,,2026-05-09T14:36:18.457516+00:00
ST-1110,ST-948,37.636261,127.032173,37.62608,127.026482,OK,14.6,6.4,2381.0,,2026-05-09T14:36:19.170853+00:00
ST-1387,ST-1388,37.663666,127.012428,37.656158,127.013138,OK,3.7,1.1,904.0,,2026-05-09T14:36:20.475733+00:00
ST-1387,ST-1389,37.663666,127.012428,37.649673,127.013451,OK,5.7,3.0,1644.0,,2026-05-09T14:36:21.750649+00:00
ST-1387,ST-2124,37.663666,127.012428,37.646862,127.008812,OK,15.2,8.9,2368.0,,2026-05-09T14:36:22.990759+00:00
ST-1387,ST-2133,37.663666,127.012428,37.649597,127.013847,OK,5.9,3.0,1632.0,,2026-05-09T14:36:23.379571+00:00
ST-1387,ST-2136,37.663666,127.012428,37.647934,127.014572,OK,9.3,3.0,1811.0,,2026-05-09T14:36:24.812980+00:00
ST-1388,ST-1389,37.656158,127.013138,37.649673,127.013451,OK,4.5,1.9,788.0,,2026-05-09T14:36:27.103123+00:00
ST-1388,ST-1390,37.656158,127.013138,37.64167,127.016884,OK,6.8,3.9,1751.0,,2026-05-09T14:36:28.452380+00:00
ST-1388,ST-2124,37.656158,127.013138,37.646862,127.008812,OK,10.9,6.1,1512.0,,2026-05-09T14:36:29.139829+00:00
ST-1388,ST-2133,37.656158,127.013138,37.649597,127.013847,OK,4.7,1.9,776.0,,2026-05-09T14:36:30.836380+00:00
ST-1388,ST-2136,37.656158,127.013138,37.647934,127.014572,OK,8.1,1.9,955.0,,2026-05-09T14:36:31.233771+00:00
ST-1388,ST-2402,37.656158,127.013138,37.664463,127.011841,OK,7.0,1.9,1007.0,,2026-05-09T14:36:31.784095+00:00
ST-1388,ST-645,37.656158,127.013138,37.640327,127.013359,OK,10.8,3.9,2047.0,,2026-05-09T14:36:33.153413+00:00
ST-1388,ST-650,37.656158,127.013138,37.639862,127.022789,OK,13.7,6.2,2186.0,,2026-05-09T14:36:33.592103+00:00
ST-1388,ST-651,37.656158,127.013138,37.645451,127.015617,OK,11.6,1.9,1246.0,,2026-05-09T14:36:34.890560+00:00
ST-1388,ST-652,37.656158,127.013138,37.639793,127.016853,OK,9.2,3.9,1897.0,,2026-05-09T14:36:36.198435+00:00
ST-1388,ST-654,37.656158,127.013138,37.643085,127.016167,OK,9.4,3.9,1917.0,,2026-05-09T14:36:36.612251+00:00
ST-1388,ST-862,37.656158,127.013138,37.644737,127.026566,OK,15.6,6.3,1931.0,,2026-05-09T14:36:37.041077+00:00
ST-1389,ST-1390,37.649673,127.013451,37.64167,127.016884,OK,3.8,2.0,1017.0,,2026-05-09T14:36:37.825095+00:00
ST-1389,ST-2125,37.649673,127.013451,37.639202,127.027237,OK,9.5,5.4,1712.0,,2026-05-09T14:36:38.297145+00:00
ST-1389,ST-2134,37.649673,127.013451,37.635612,127.022995,OK,11.9,8.2,2263.0,,2026-05-09T14:36:38.731430+00:00
ST-1389,ST-2137,37.649673,127.013451,37.63797,127.025902,OK,9.8,7.0,1909.0,,2026-05-09T14:36:39.197319+00:00
ST-1389,ST-2402,37.649673,127.013451,37.664463,127.011841,OK,7.1,3.0,1747.0,,2026-05-09T14:36:39.636440+00:00
ST-1389,ST-643,37.649673,127.013451,37.639263,127.026726,OK,8.9,5.4,1683.0,,2026-05-09T14:36:41.086117+00:00
ST-1389,ST-645,37.649673,127.013451,37.640327,127.013359,OK,7.8,2.0,1313.0,,2026-05-09T14:36:41.811785+00:00
ST-1389,ST-646,37.649673,127.013451,37.638805,127.028358,OK,10.6,5.4,1812.0,,2026-05-09T14:36:43.133663+00:00
ST-1389,ST-650,37.649673,127.013451,37.639862,127.022789,OK,10.3,3.4,1447.0,,2026-05-09T14:36:44.429601+00:00
ST-1389,ST-652,37.649673,127.013451,37.639793,127.016853,OK,6.2,2.0,1163.0,,2026-05-09T14:36:45.683771+00:00
ST-1389,ST-654,37.649673,127.013451,37.643085,127.016167,OK,6.4,2.0,1183.0,,2026-05-09T14:36:46.947205+00:00
ST-1389,ST-862,37.649673,127.013451,37.644737,127.026566,OK,11.3,3.4,1480.0,,2026-05-09T14:36:47.339736+00:00
ST-1389,ST-863,37.649673,127.013451,37.639671,127.0252,OK,9.9,5.4,1651.0,,2026-05-09T14:36:48.620147+00:00
ST-1390,ST-1391,37.64167,127.016884,37.62653,127.018059,OK,4.2,3.0,1678.0,,2026-05-09T14:36:49.896030+00:00
ST-1390,ST-1423,37.64167,127.016884,37.630188,127.017738,OK,10.2,3.5,1358.0,,2026-05-09T14:36:51.209233+00:00
ST-1390,ST-2124,37.64167,127.016884,37.646862,127.008812,OK,6.2,5.8,1285.0,,2026-05-09T14:36:52.533202+00:00
ST-1390,ST-2125,37.64167,127.016884,37.639202,127.027237,OK,14.6,3.4,1384.0,,2026-05-09T14:36:53.876378+00:00
ST-1390,ST-2126,37.64167,127.016884,37.635204,127.033966,OK,15.3,12.8,3290.0,,2026-05-09T14:36:55.191291+00:00
ST-1390,ST-2127,37.64167,127.016884,37.635391,127.034554,OK,15.7,12.8,3262.0,,2026-05-09T14:36:55.647427+00:00
ST-1390,ST-2133,37.64167,127.016884,37.649597,127.013847,OK,3.0,1.9,1004.0,,2026-05-09T14:36:56.096380+00:00
ST-1390,ST-2134,37.64167,127.016884,37.635612,127.022995,OK,10.5,4.6,1451.0,,2026-05-09T14:36:57.429757+00:00
ST-1390,ST-2136,37.64167,127.016884,37.647934,127.014572,OK,6.2,3.5,958.0,,2026-05-09T14:36:57.848728+00:00
ST-1390,ST-2137,37.64167,127.016884,37.63797,127.025902,OK,10.7,7.6,1889.0,,2026-05-09T14:36:58.330953+00:00
ST-1390,ST-2459,37.64167,127.016884,37.637135,127.03138,OK,15.1,11.5,2601.0,,2026-05-09T14:36:59.647045+00:00
ST-1390,ST-3152,37.64167,127.016884,37.635361,127.037674,OK,17.8,12.8,3369.0,,2026-05-09T14:37:00.081665+00:00
ST-1390,ST-3184,37.64167,127.016884,37.624912,127.019791,OK,11.0,6.2,2033.0,,2026-05-09T14:37:00.544153+00:00
ST-1390,ST-643,37.64167,127.016884,37.639263,127.026726,OK,13.9,3.4,1339.0,,2026-05-09T14:37:01.299274+00:00
ST-1390,ST-644,37.64167,127.016884,37.624157,127.018623,OK,11.2,6.2,2033.0,,2026-05-09T14:37:01.788838+00:00
ST-1390,ST-646,37.64167,127.016884,37.638805,127.028358,OK,15.6,4.2,1380.0,,2026-05-09T14:37:03.116464+00:00
ST-1390,ST-647,37.64167,127.016884,37.62714,127.026695,OK,11.6,7.4,2351.0,,2026-05-09T14:37:03.608202+00:00
ST-1390,ST-859,37.64167,127.016884,37.634377,127.035751,OK,13.5,12.8,3194.0,,2026-05-09T14:37:04.029764+00:00
ST-1390,ST-860,37.64167,127.016884,37.633717,127.035515,OK,14.5,12.8,3253.0,,2026-05-09T14:37:05.304964+00:00
ST-1390,ST-862,37.64167,127.016884,37.644737,127.026566,OK,13.7,2.2,1170.0,,2026-05-09T14:37:06.653369+00:00
ST-1390,ST-863,37.64167,127.016884,37.639671,127.0252,OK,11.5,3.4,1197.0,,2026-05-09T14:37:07.165736+00:00
ST-1390,ST-948,37.64167,127.016884,37.62608,127.026482,OK,12.6,8.1,2662.0,,2026-05-09T14:37:07.606272+00:00
ST-1391,ST-1665,37.62653,127.018059,37.615459,127.029701,OK,9.1,7.7,1857.0,,2026-05-09T14:37:08.034358+00:00
ST-1391,ST-1724,37.62653,127.018059,37.617752,127.035706,OK,18.1,13.2,2991.0,,2026-05-09T14:37:08.505881+00:00
ST-1391,ST-1725,37.62653,127.018059,37.622688,127.037811,OK,17.1,10.4,2968.0,,2026-05-09T14:37:08.879437+00:00
ST-1391,ST-2123,37.62653,127.018059,37.615223,127.018509,OK,15.5,4.2,1401.0,,2026-05-09T14:37:09.310715+00:00
ST-1391,ST-2125,37.62653,127.018059,37.639202,127.027237,OK,10.5,6.0,2039.0,,2026-05-09T14:37:09.825246+00:00
ST-1391,ST-2126,37.62653,127.018059,37.635204,127.033966,OK,16.2,10.2,2940.0,,2026-05-09T14:37:11.093948+00:00
ST-1391,ST-2127,37.62653,127.018059,37.635391,127.034554,OK,14.8,10.2,2897.0,,2026-05-09T14:37:11.530553+00:00
ST-1391,ST-2129,37.62653,127.018059,37.632381,127.039307,OK,18.7,11.8,3448.0,,2026-05-09T14:37:12.843013+00:00
ST-1391,ST-2130,37.62653,127.018059,37.625526,127.037323,OK,19.4,11.1,3255.0,,2026-05-09T14:37:13.607495+00:00
ST-1391,ST-2132,37.62653,127.018059,37.619808,127.028526,OK,13.3,5.4,1607.0,,2026-05-09T14:37:14.905923+00:00
ST-1391,ST-2134,37.62653,127.018059,37.635612,127.022995,OK,14.1,5.1,1473.0,,2026-05-09T14:37:15.424243+00:00
ST-1391,ST-2137,37.62653,127.018059,37.63797,127.025902,OK,9.7,5.8,1961.0,,2026-05-09T14:37:16.778604+00:00
ST-1391,ST-2401,37.62653,127.018059,37.626572,127.038643,OK,21.7,14.1,4298.0,,2026-05-09T14:37:17.199621+00:00
ST-1391,ST-2403,37.62653,127.018059,37.616665,127.02211,OK,8.4,4.2,1172.0,,2026-05-09T14:37:18.483661+00:00
ST-1391,ST-2405,37.62653,127.018059,37.616699,127.030495,OK,11.6,6.5,1745.0,,2026-05-09T14:37:19.786231+00:00
ST-1391,ST-2458,37.62653,127.018059,37.617088,127.028099,OK,8.2,6.5,1600.0,,2026-05-09T14:37:21.099438+00:00
ST-1391,ST-2459,37.62653,127.018059,37.637135,127.03138,OK,14.4,8.6,2571.0,,2026-05-09T14:37:22.403935+00:00
ST-1391,ST-2461,37.62653,127.018059,37.612209,127.024979,OK,15.5,5.9,1985.0,,2026-05-09T14:37:23.791867+00:00
ST-1391,ST-3152,37.62653,127.018059,37.635361,127.037674,OK,19.7,11.0,3220.0,,2026-05-09T14:37:24.518769+00:00
ST-1391,ST-3234,37.62653,127.018059,37.617928,127.021362,OK,5.9,4.2,1017.0,,2026-05-09T14:37:25.825822+00:00
ST-1391,ST-643,37.62653,127.018059,37.639263,127.026726,OK,12.2,6.0,2037.0,,2026-05-09T14:37:26.325867+00:00
ST-1391,ST-645,37.62653,127.018059,37.640327,127.013359,OK,9.6,3.1,1974.0,,2026-05-09T14:37:26.746527+00:00
ST-1391,ST-646,37.62653,127.018059,37.638805,127.028358,OK,11.0,6.9,2196.0,,2026-05-09T14:37:28.143293+00:00
ST-1391,ST-647,37.62653,127.018059,37.62714,127.026695,OK,10.7,5.3,1175.0,,2026-05-09T14:37:28.645074+00:00
ST-1391,ST-648,37.62653,127.018059,37.618286,127.024048,OK,8.4,4.2,1141.0,,2026-05-09T14:37:29.893365+00:00
ST-1391,ST-650,37.62653,127.018059,37.639862,127.022789,OK,15.2,3.1,2200.0,,2026-05-09T14:37:31.188198+00:00
ST-1391,ST-652,37.62653,127.018059,37.639793,127.016853,OK,8.0,3.1,1824.0,,2026-05-09T14:37:31.649369+00:00
ST-1391,ST-654,37.62653,127.018059,37.643085,127.016167,OK,8.2,3.1,1844.0,,2026-05-09T14:37:32.986294+00:00
ST-1391,ST-859,37.62653,127.018059,37.634377,127.035751,OK,15.4,11.0,3070.0,,2026-05-09T14:37:33.793779+00:00
ST-1391,ST-860,37.62653,127.018059,37.633717,127.035515,OK,16.8,11.0,3125.0,,2026-05-09T14:37:35.058204+00:00
ST-1391,ST-863,37.62653,127.018059,37.639671,127.0252,OK,13.8,5.8,2131.0,,2026-05-09T14:37:35.543873+00:00
ST-1391,ST-948,37.62653,127.018059,37.62608,127.026482,OK,8.7,2.9,894.0,,2026-05-09T14:37:36.804541+00:00
ST-1392,ST-1423,37.621552,127.02037,37.630188,127.017738,OK,7.2,3.5,1027.0,,2026-05-09T14:37:37.264389+00:00
ST-1392,ST-1665,37.621552,127.02037,37.615459,127.029701,OK,5.7,5.2,1309.0,,2026-05-09T14:37:37.727791+00:00
ST-1392,ST-1724,37.621552,127.02037,37.617752,127.035706,OK,14.7,10.7,2442.0,,2026-05-09T14:37:38.174677+00:00
ST-1392,ST-1725,37.621552,127.02037,37.622688,127.037811,OK,13.8,7.9,2419.0,,2026-05-09T14:37:39.453574+00:00
ST-1392,ST-2123,37.621552,127.02037,37.615223,127.018509,OK,12.1,1.7,853.0,,2026-05-09T14:37:40.731819+00:00
ST-1392,ST-2126,37.621552,127.02037,37.635204,127.033966,OK,26.0,21.6,5586.0,,2026-05-09T14:37:41.958252+00:00
ST-1392,ST-2127,37.621552,127.02037,37.635391,127.034554,OK,26.5,21.6,5558.0,,2026-05-09T14:37:42.378654+00:00
ST-1392,ST-2132,37.621552,127.02037,37.619808,127.028526,OK,10.0,2.9,1058.0,,2026-05-09T14:37:43.118223+00:00
ST-1392,ST-2134,37.621552,127.02037,37.635612,127.022995,OK,12.9,7.0,1983.0,,2026-05-09T14:37:43.586377+00:00
ST-1392,ST-2137,37.621552,127.02037,37.63797,127.025902,OK,13.2,9.9,2421.0,,2026-05-09T14:37:44.891089+00:00
ST-1392,ST-2401,37.621552,127.02037,37.626572,127.038643,OK,18.1,9.3,3111.0,,2026-05-09T14:37:46.094632+00:00
ST-1392,ST-2405,37.621552,127.02037,37.616699,127.030495,OK,8.2,4.0,1196.0,,2026-05-09T14:37:47.409067+00:00
ST-1392,ST-2458,37.621552,127.02037,37.617088,127.028099,OK,4.9,4.0,1051.0,,2026-05-09T14:37:47.853365+00:00
ST-1392,ST-2459,37.621552,127.02037,37.637135,127.03138,OK,16.1,10.6,3268.0,,2026-05-09T14:37:49.349115+00:00
ST-1392,ST-2461,37.621552,127.02037,37.612209,127.024979,OK,12.1,3.4,1437.0,,2026-05-09T14:37:50.035570+00:00
ST-1392,ST-647,37.621552,127.02037,37.62714,127.026695,OK,14.1,7.4,1650.0,,2026-05-09T14:37:50.488270+00:00
ST-1392,ST-859,37.621552,127.02037,37.634377,127.035751,OK,24.2,21.6,5490.0,,2026-05-09T14:37:50.896379+00:00
ST-1392,ST-860,37.621552,127.02037,37.633717,127.035515,OK,18.5,13.0,3822.0,,2026-05-09T14:37:51.312161+00:00
ST-1392,ST-948,37.621552,127.02037,37.62608,127.026482,OK,13.0,2.3,871.0,,2026-05-09T14:37:52.618403+00:00
ST-1423,ST-1665,37.630188,127.017738,37.615459,127.029701,OK,12.8,9.9,2477.0,,2026-05-09T14:37:53.101351+00:00
ST-1423,ST-1725,37.630188,127.017738,37.622688,127.037811,OK,21.6,16.4,4197.0,,2026-05-09T14:37:53.492844+00:00
ST-1423,ST-2123,37.630188,127.017738,37.615223,127.018509,OK,13.9,8.4,2939.0,,2026-05-09T14:37:53.912961+00:00
ST-1423,ST-2125,37.630188,127.017738,37.639202,127.027237,OK,8.3,7.3,1483.0,,2026-05-09T14:37:54.676370+00:00
ST-1423,ST-2126,37.630188,127.017738,37.635204,127.033966,OK,13.9,10.9,2360.0,,2026-05-09T14:37:55.941694+00:00
ST-1423,ST-2127,37.630188,127.017738,37.635391,127.034554,OK,15.3,11.9,2522.0,,2026-05-09T14:37:57.240936+00:00
ST-1423,ST-2129,37.630188,127.017738,37.632381,127.039307,OK,16.4,13.0,2890.0,,2026-05-09T14:37:58.487486+00:00
ST-1423,ST-2130,37.630188,127.017738,37.625526,127.037323,OK,18.0,16.4,3904.0,,2026-05-09T14:37:58.927673+00:00
ST-1423,ST-2132,37.630188,127.017738,37.619808,127.028526,OK,10.1,7.8,2587.0,,2026-05-09T14:37:59.370553+00:00
ST-1423,ST-2134,37.630188,127.017738,37.635612,127.022995,OK,8.1,4.8,1010.0,,2026-05-09T14:37:59.761635+00:00
ST-1423,ST-2136,37.630188,127.017738,37.647934,127.014572,OK,17.3,14.1,3238.0,,2026-05-09T14:38:00.790295+00:00
ST-1423,ST-2137,37.630188,127.017738,37.63797,127.025902,OK,7.7,5.9,1302.0,,2026-05-09T14:38:02.163391+00:00
ST-1423,ST-2401,37.630188,127.017738,37.626572,127.038643,OK,19.4,15.4,3746.0,,2026-05-09T14:38:02.930465+00:00
ST-1423,ST-2403,37.630188,127.017738,37.616665,127.02211,OK,12.2,6.4,1792.0,,2026-05-09T14:38:04.151611+00:00
ST-1423,ST-2405,37.630188,127.017738,37.616699,127.030495,OK,15.4,8.7,2364.0,,2026-05-09T14:38:04.648648+00:00
ST-1423,ST-2458,37.630188,127.017738,37.617088,127.028099,OK,12.0,8.7,2219.0,,2026-05-09T14:38:05.509968+00:00
ST-1423,ST-2459,37.630188,127.017738,37.637135,127.03138,OK,12.2,9.9,2015.0,,2026-05-09T14:38:05.932181+00:00
ST-1423,ST-3152,37.630188,127.017738,37.635361,127.037674,OK,17.4,12.2,2662.0,,2026-05-09T14:38:06.367466+00:00
ST-1423,ST-3193,37.630188,127.017738,37.62302,127.021866,OK,12.4,4.7,1399.0,,2026-05-09T14:38:06.892154+00:00
ST-1423,ST-3234,37.630188,127.017738,37.617928,127.021362,OK,9.7,6.4,1637.0,,2026-05-09T14:38:07.417362+00:00
ST-1423,ST-643,37.630188,127.017738,37.639263,127.026726,OK,10.0,5.9,1460.0,,2026-05-09T14:38:08.783216+00:00
ST-1423,ST-645,37.630188,127.017738,37.640327,127.013359,OK,14.7,8.9,2278.0,,2026-05-09T14:38:10.126616+00:00
ST-1423,ST-646,37.630188,127.017738,37.638805,127.028358,OK,11.4,5.9,1534.0,,2026-05-09T14:38:10.894029+00:00
ST-1423,ST-647,37.630188,127.017738,37.62714,127.026695,OK,8.6,5.8,1764.0,,2026-05-09T14:38:12.322145+00:00
ST-1423,ST-648,37.630188,127.017738,37.618286,127.024048,OK,12.2,6.4,1760.0,,2026-05-09T14:38:12.850582+00:00
ST-1423,ST-650,37.630188,127.017738,37.639862,127.022789,OK,13.6,5.9,1575.0,,2026-05-09T14:38:14.230012+00:00
ST-1423,ST-651,37.630188,127.017738,37.645451,127.015617,OK,11.3,4.8,1714.0,,2026-05-09T14:38:14.757302+00:00
ST-1423,ST-652,37.630188,127.017738,37.639793,127.016853,OK,11.5,6.1,1779.0,,2026-05-09T14:38:15.551604+00:00
ST-1423,ST-654,37.630188,127.017738,37.643085,127.016167,OK,10.7,6.1,1712.0,,2026-05-09T14:38:16.934587+00:00
ST-1423,ST-859,37.630188,127.017738,37.634377,127.035751,OK,13.2,12.2,2512.0,,2026-05-09T14:38:17.663070+00:00
ST-1423,ST-860,37.630188,127.017738,37.633717,127.035515,OK,14.6,12.2,2567.0,,2026-05-09T14:38:18.207427+00:00
ST-1423,ST-862,37.630188,127.017738,37.644737,127.026566,OK,18.0,12.3,2892.0,,2026-05-09T14:38:19.154552+00:00
ST-1423,ST-863,37.630188,127.017738,37.639671,127.0252,OK,11.9,5.9,1469.0,,2026-05-09T14:38:20.519601+00:00
ST-1423,ST-948,37.630188,127.017738,37.62608,127.026482,OK,9.6,6.4,2075.0,,2026-05-09T14:38:21.358529+00:00
ST-1665,ST-1725,37.615459,127.029701,37.622688,127.037811,OK,10.2,4.0,1256.0,,2026-05-09T14:38:22.190800+00:00
ST-1665,ST-2123,37.615459,127.029701,37.615223,127.018509,OK,16.0,8.3,2401.0,,2026-05-09T14:38:23.447815+00:00
ST-1665,ST-2130,37.615459,127.029701,37.625526,127.037323,OK,12.4,4.6,1543.0,,2026-05-09T14:38:24.748151+00:00
ST-1665,ST-2401,37.615459,127.029701,37.626572,127.038643,OK,14.5,5.4,1948.0,,2026-05-09T14:38:25.514269+00:00
ST-1665,ST-2610,37.615459,127.029701,37.628685,127.043907,OK,19.8,11.2,3274.0,,2026-05-09T14:38:26.018941+00:00
ST-1665,ST-3184,37.615459,127.029701,37.624912,127.019791,OK,15.0,5.4,1580.0,,2026-05-09T14:38:26.479456+00:00
ST-1665,ST-3193,37.615459,127.029701,37.62302,127.021866,OK,13.4,4.5,1364.0,,2026-05-09T14:38:27.004528+00:00
ST-1665,ST-3234,37.615459,127.029701,37.617928,127.021362,OK,10.0,5.4,1489.0,,2026-05-09T14:38:29.007761+00:00
ST-1665,ST-644,37.615459,127.029701,37.624157,127.018623,OK,11.7,5.4,1499.0,,2026-05-09T14:38:29.441840+00:00
ST-1665,ST-647,37.615459,127.029701,37.62714,127.026695,OK,8.8,2.0,1900.0,,2026-05-09T14:38:30.759267+00:00
ST-1665,ST-948,37.615459,127.029701,37.62608,127.026482,OK,7.6,2.0,1859.0,,2026-05-09T14:38:31.289597+00:00
ST-1724,ST-2123,37.617752,127.035706,37.615223,127.018509,OK,21.8,11.6,3101.0,,2026-05-09T14:38:31.801168+00:00
ST-1724,ST-2126,37.617752,127.035706,37.635204,127.033966,OK,11.1,6.3,2519.0,,2026-05-09T14:38:32.350949+00:00
ST-1724,ST-2127,37.617752,127.035706,37.635391,127.034554,OK,9.2,6.3,2481.0,,2026-05-09T14:38:33.722693+00:00
ST-1724,ST-2129,37.617752,127.035706,37.632381,127.039307,OK,5.5,5.0,1954.0,,2026-05-09T14:38:34.458876+00:00
ST-1724,ST-2130,37.617752,127.035706,37.625526,127.037323,OK,4.0,1.9,906.0,,2026-05-09T14:38:34.972573+00:00
ST-1724,ST-2401,37.617752,127.035706,37.626572,127.038643,OK,6.1,2.7,1311.0,,2026-05-09T14:38:35.476727+00:00
ST-1724,ST-2403,37.617752,127.035706,37.616665,127.02211,OK,19.8,7.5,2230.0,,2026-05-09T14:38:36.834370+00:00
ST-1724,ST-2461,37.617752,127.035706,37.612209,127.024979,OK,16.4,4.0,1552.0,,2026-05-09T14:38:38.132297+00:00
ST-1724,ST-2610,37.617752,127.035706,37.628685,127.043907,OK,8.9,4.0,1853.0,,2026-05-09T14:38:39.457539+00:00
ST-1724,ST-3152,37.617752,127.035706,37.635361,127.037674,OK,9.3,6.3,2407.0,,2026-05-09T14:38:39.919323+00:00
ST-1724,ST-3184,37.617752,127.035706,37.624912,127.019791,OK,21.6,11.6,2928.0,,2026-05-09T14:38:40.787471+00:00
ST-1724,ST-3193,37.617752,127.035706,37.62302,127.021866,OK,20.0,10.7,2712.0,,2026-05-09T14:38:42.206561+00:00
ST-1724,ST-3234,37.617752,127.035706,37.617928,127.021362,OK,15.9,8.8,2189.0,,2026-05-09T14:38:43.481875+00:00
ST-1724,ST-644,37.617752,127.035706,37.624157,127.018623,OK,18.3,11.6,2847.0,,2026-05-09T14:38:44.828407+00:00
ST-1724,ST-647,37.617752,127.035706,37.62714,127.026695,OK,14.3,5.5,1659.0,,2026-05-09T14:38:46.209340+00:00
ST-1724,ST-648,37.617752,127.035706,37.618286,127.024048,OK,15.7,6.3,1722.0,,2026-05-09T14:38:46.767307+00:00
ST-1724,ST-859,37.617752,127.035706,37.634377,127.035751,OK,8.6,6.3,2346.0,,2026-05-09T14:38:47.259525+00:00
ST-1724,ST-860,37.617752,127.035706,37.633717,127.035515,OK,9.7,6.3,2394.0,,2026-05-09T14:38:47.785649+00:00
ST-1724,ST-948,37.617752,127.035706,37.62608,127.026482,OK,14.8,5.5,1649.0,,2026-05-09T14:38:48.307219+00:00
ST-1725,ST-2123,37.622688,127.037811,37.615223,127.018509,OK,23.3,12.2,3725.0,,2026-05-09T14:38:48.834302+00:00
ST-1725,ST-2126,37.622688,127.037811,37.635204,127.033966,OK,7.6,5.6,1782.0,,2026-05-09T14:38:49.356403+00:00
ST-1725,ST-2127,37.622688,127.037811,37.635391,127.034554,OK,7.9,5.1,1896.0,,2026-05-09T14:38:49.880720+00:00
ST-1725,ST-2129,37.622688,127.037811,37.632381,127.039307,OK,4.1,3.8,1369.0,,2026-05-09T14:38:50.628010+00:00
ST-1725,ST-2132,37.622688,127.037811,37.619808,127.028526,OK,28.0,0.5,990.0,,2026-05-09T14:38:50.995372+00:00
ST-1725,ST-2134,37.622688,127.037811,37.635612,127.022995,OK,14.6,9.8,2948.0,,2026-05-09T14:38:51.736308+00:00
ST-1725,ST-2137,37.622688,127.037811,37.63797,127.025902,OK,11.4,9.4,2932.0,,2026-05-09T14:38:52.222235+00:00
ST-1725,ST-2403,37.622688,127.037811,37.616665,127.02211,OK,20.0,10.1,3219.0,,2026-05-09T14:38:53.452779+00:00
ST-1725,ST-2405,37.622688,127.037811,37.616699,127.030495,OK,9.6,1.8,1094.0,,2026-05-09T14:38:54.180168+00:00
ST-1725,ST-2458,37.622688,127.037811,37.617088,127.028099,OK,13.8,1.8,1309.0,,2026-05-09T14:38:54.622037+00:00
ST-1725,ST-2459,37.622688,127.037811,37.637135,127.03138,OK,11.1,6.8,2329.0,,2026-05-09T14:38:55.921020+00:00
ST-1725,ST-2461,37.622688,127.037811,37.612209,127.024979,OK,20.8,4.0,1928.0,,2026-05-09T14:38:57.316936+00:00
ST-1725,ST-2610,37.622688,127.037811,37.628685,127.043907,OK,7.5,2.8,1268.0,,2026-05-09T14:38:57.746121+00:00
ST-1725,ST-3152,37.622688,127.037811,37.635361,127.037674,OK,8.0,5.1,1822.0,,2026-05-09T14:38:59.063063+00:00
ST-1725,ST-3184,37.622688,127.037811,37.624912,127.019791,OK,25.4,7.2,2444.0,,2026-05-09T14:38:59.603030+00:00
ST-1725,ST-3193,37.622688,127.037811,37.62302,127.021866,OK,28.6,6.5,2399.0,,2026-05-09T14:39:00.985834+00:00
ST-1725,ST-3234,37.622688,127.037811,37.617928,127.021362,OK,17.4,9.3,2813.0,,2026-05-09T14:39:01.500762+00:00
ST-1725,ST-644,37.622688,127.037811,37.624157,127.018623,OK,26.9,7.2,2465.0,,2026-05-09T14:39:02.231914+00:00
ST-1725,ST-646,37.622688,127.037811,37.638805,127.028358,OK,14.5,14.3,3513.0,,2026-05-09T14:39:03.596146+00:00
ST-1725,ST-647,37.622688,127.037811,37.62714,127.026695,OK,20.5,4.0,1395.0,,2026-05-09T14:39:04.028785+00:00
ST-1725,ST-648,37.622688,127.037811,37.618286,127.024048,OK,17.1,6.9,2346.0,,2026-05-09T14:39:05.411418+00:00
ST-1725,ST-859,37.622688,127.037811,37.634377,127.035751,OK,7.3,5.1,1761.0,,2026-05-09T14:39:05.865537+00:00
ST-1725,ST-860,37.622688,127.037811,37.633717,127.035515,OK,8.3,5.1,1809.0,,2026-05-09T14:39:06.580428+00:00
ST-1725,ST-948,37.622688,127.037811,37.62608,127.026482,OK,15.7,3.3,1799.0,,2026-05-09T14:39:07.300862+00:00
ST-2123,ST-2132,37.615223,127.018509,37.619808,127.028526,OK,15.2,6.0,1832.0,,2026-05-09T14:39:08.603075+00:00
ST-2123,ST-2405,37.615223,127.018509,37.616699,127.030495,OK,13.5,7.0,1970.0,,2026-05-09T14:39:09.949000+00:00
ST-2123,ST-2458,37.615223,127.018509,37.617088,127.028099,OK,10.1,7.0,1825.0,,2026-05-09T14:39:10.423155+00:00
ST-2123,ST-3184,37.615223,127.018509,37.624912,127.019791,OK,19.3,2.8,1215.0,,2026-05-09T14:39:11.729741+00:00
ST-2123,ST-3193,37.615223,127.018509,37.62302,127.021866,OK,15.5,4.8,1565.0,,2026-05-09T14:39:12.172559+00:00
ST-2123,ST-644,37.615223,127.018509,37.624157,127.018623,OK,16.1,2.8,1134.0,,2026-05-09T14:39:12.620042+00:00
ST-2123,ST-647,37.615223,127.018509,37.62714,127.026695,OK,30.4,1.9,1625.0,,2026-05-09T14:39:13.066752+00:00
ST-2123,ST-948,37.615223,127.018509,37.62608,127.026482,OK,28.4,1.9,1528.0,,2026-05-09T14:39:14.295507+00:00
ST-2124,ST-2125,37.646862,127.008812,37.639202,127.027237,OK,11.7,7.4,2042.0,,2026-05-09T14:39:14.748791+00:00
ST-2124,ST-2134,37.646862,127.008812,37.635612,127.022995,OK,15.2,11.1,2791.0,,2026-05-09T14:39:15.982707+00:00
ST-2124,ST-2137,37.646862,127.008812,37.63797,127.025902,OK,15.1,9.0,2354.0,,2026-05-09T14:39:17.266731+00:00
ST-2124,ST-2402,37.646862,127.008812,37.664463,127.011841,OK,17.7,8.6,2504.0,,2026-05-09T14:39:18.525840+00:00
ST-2124,ST-643,37.646862,127.008812,37.639263,127.026726,OK,11.1,7.4,2013.0,,2026-05-09T14:39:19.816905+00:00
ST-2124,ST-645,37.646862,127.008812,37.640327,127.013359,OK,9.6,2.9,1012.0,,2026-05-09T14:39:20.185759+00:00
ST-2124,ST-646,37.646862,127.008812,37.638805,127.028358,OK,13.6,9.6,2269.0,,2026-05-09T14:39:21.436731+00:00
ST-2124,ST-650,37.646862,127.008812,37.639862,127.022789,OK,17.0,13.9,2271.0,,2026-05-09T14:39:21.876166+00:00
ST-2124,ST-652,37.646862,127.008812,37.639793,127.016853,OK,13.3,10.5,1497.0,,2026-05-09T14:39:22.289123+00:00
ST-2124,ST-654,37.646862,127.008812,37.643085,127.016167,OK,7.9,5.4,1357.0,,2026-05-09T14:39:23.639940+00:00
ST-2124,ST-862,37.646862,127.008812,37.644737,127.026566,OK,13.5,5.4,1810.0,,2026-05-09T14:39:24.084675+00:00
ST-2124,ST-863,37.646862,127.008812,37.639671,127.0252,OK,12.1,7.4,1981.0,,2026-05-09T14:39:25.354831+00:00
ST-2125,ST-2126,37.639202,127.027237,37.635204,127.033966,OK,6.5,4.2,979.0,,2026-05-09T14:39:26.607802+00:00
ST-2125,ST-2127,37.639202,127.027237,37.635391,127.034554,OK,5.2,4.2,936.0,,2026-05-09T14:39:27.028854+00:00
ST-2125,ST-2129,37.639202,127.027237,37.632381,127.039307,OK,9.0,5.8,1487.0,,2026-05-09T14:39:27.438592+00:00
ST-2125,ST-2130,37.639202,127.027237,37.625526,127.037323,OK,10.6,9.1,2499.0,,2026-05-09T14:39:28.690688+00:00
ST-2125,ST-2133,37.639202,127.027237,37.649597,127.013847,OK,9.3,5.3,1695.0,,2026-05-09T14:39:29.956001+00:00
ST-2125,ST-2136,37.639202,127.027237,37.647934,127.014572,OK,11.5,6.5,1831.0,,2026-05-09T14:39:31.178279+00:00
ST-2125,ST-2401,37.639202,127.027237,37.626572,127.038643,OK,12.1,8.1,2341.0,,2026-05-09T14:39:32.429411+00:00
ST-2125,ST-2610,37.639202,127.027237,37.628685,127.043907,OK,8.7,6.8,2037.0,,2026-05-09T14:39:32.855018+00:00
ST-2125,ST-3152,37.639202,127.027237,37.635361,127.037674,OK,7.9,6.5,1435.0,,2026-05-09T14:39:33.532937+00:00
ST-2125,ST-3184,37.639202,127.027237,37.624912,127.019791,OK,12.7,7.1,2272.0,,2026-05-09T14:39:34.022944+00:00
ST-2125,ST-3193,37.639202,127.027237,37.62302,127.021866,OK,17.1,9.6,2780.0,,2026-05-09T14:39:35.279749+00:00
ST-2125,ST-644,37.639202,127.027237,37.624157,127.018623,OK,13.5,8.8,2491.0,,2026-05-09T14:39:36.549935+00:00
ST-2125,ST-645,37.639202,127.027237,37.640327,127.013359,OK,10.7,6.7,1563.0,,2026-05-09T14:39:37.033753+00:00
ST-2125,ST-647,37.639202,127.027237,37.62714,127.026695,OK,8.9,2.0,1638.0,,2026-05-09T14:39:38.286406+00:00
ST-2125,ST-651,37.639202,127.027237,37.645451,127.015617,OK,11.7,6.5,1973.0,,2026-05-09T14:39:38.734389+00:00
ST-2125,ST-652,37.639202,127.027237,37.639793,127.016853,OK,11.9,5.9,1449.0,,2026-05-09T14:39:39.158877+00:00
ST-2125,ST-654,37.639202,127.027237,37.643085,127.016167,OK,12.4,7.2,2130.0,,2026-05-09T14:39:40.375611+00:00
ST-2125,ST-859,37.639202,127.027237,37.634377,127.035751,OK,5.8,5.0,1109.0,,2026-05-09T14:39:41.635348+00:00
ST-2125,ST-860,37.639202,127.027237,37.633717,127.035515,OK,7.2,5.0,1164.0,,2026-05-09T14:39:42.325159+00:00
ST-2125,ST-948,37.639202,127.027237,37.62608,127.026482,OK,7.7,2.0,1597.0,,2026-05-09T14:39:43.653927+00:00
ST-2126,ST-2130,37.635204,127.033966,37.625526,127.037323,OK,8.3,4.1,1628.0,,2026-05-09T14:39:44.935148+00:00
ST-2126,ST-2132,37.635204,127.033966,37.619808,127.028526,OK,14.7,10.2,3436.0,,2026-05-09T14:39:45.371291+00:00
ST-2126,ST-2134,37.635204,127.033966,37.635612,127.022995,OK,11.8,6.3,1071.0,,2026-05-09T14:39:46.091572+00:00
ST-2126,ST-2137,37.635204,127.033966,37.63797,127.025902,OK,11.5,9.2,1387.0,,2026-05-09T14:39:47.449388+00:00
ST-2126,ST-2401,37.635204,127.033966,37.626572,127.038643,OK,9.0,4.0,1259.0,,2026-05-09T14:39:48.650906+00:00
ST-2126,ST-2610,37.635204,127.033966,37.628685,127.043907,OK,9.6,6.3,1598.0,,2026-05-09T14:39:49.924287+00:00
ST-2126,ST-3184,37.635204,127.033966,37.624912,127.019791,OK,16.9,11.3,3304.0,,2026-05-09T14:39:51.169868+00:00
ST-2126,ST-3193,37.635204,127.033966,37.62302,127.021866,OK,21.3,13.8,3812.0,,2026-05-09T14:39:52.496336+00:00
ST-2126,ST-643,37.635204,127.033966,37.639263,127.026726,OK,8.0,4.2,1239.0,,2026-05-09T14:39:53.793004+00:00
ST-2126,ST-644,37.635204,127.033966,37.624157,127.018623,OK,17.7,12.9,3523.0,,2026-05-09T14:39:55.088620+00:00
ST-2126,ST-645,37.635204,127.033966,37.640327,127.013359,OK,19.2,17.6,3060.0,,2026-05-09T14:39:55.491052+00:00
ST-2126,ST-647,37.635204,127.033966,37.62714,127.026695,OK,13.2,5.5,2318.0,,2026-05-09T14:39:55.854859+00:00
ST-2126,ST-650,37.635204,127.033966,37.639862,127.022789,OK,13.4,4.2,1497.0,,2026-05-09T14:39:57.164268+00:00
ST-2126,ST-651,37.635204,127.033966,37.645451,127.015617,OK,14.9,10.2,2925.0,,2026-05-09T14:39:58.455451+00:00
ST-2126,ST-652,37.635204,127.033966,37.639793,127.016853,OK,17.5,11.3,3230.0,,2026-05-09T14:39:59.772387+00:00
ST-2126,ST-654,37.635204,127.033966,37.643085,127.016167,OK,16.7,11.3,3163.0,,2026-05-09T14:40:01.035068+00:00
ST-2126,ST-862,37.635204,127.033966,37.644737,127.026566,OK,15.4,3.7,1588.0,,2026-05-09T14:40:02.249513+00:00
ST-2126,ST-863,37.635204,127.033966,37.639671,127.0252,OK,10.7,3.7,1250.0,,2026-05-09T14:40:02.703997+00:00
ST-2126,ST-948,37.635204,127.033966,37.62608,127.026482,OK,14.5,6.9,2078.0,,2026-05-09T14:40:03.964026+00:00
ST-2127,ST-2130,37.635391,127.034554,37.625526,127.037323,OK,8.1,4.1,1597.0,,2026-05-09T14:40:04.650297+00:00
ST-2127,ST-2132,37.635391,127.034554,37.619808,127.028526,OK,12.8,8.2,2915.0,,2026-05-09T14:40:05.913183+00:00
ST-2127,ST-2134,37.635391,127.034554,37.635612,127.022995,OK,9.1,5.4,1545.0,,2026-05-09T14:40:06.635863+00:00
ST-2127,ST-2137,37.635391,127.034554,37.63797,127.025902,OK,7.0,4.2,1190.0,,2026-05-09T14:40:07.929753+00:00
ST-2127,ST-2401,37.635391,127.034554,37.626572,127.038643,OK,9.6,3.1,1439.0,,2026-05-09T14:40:09.150846+00:00
ST-2127,ST-2610,37.635391,127.034554,37.628685,127.043907,OK,6.2,1.9,1139.0,,2026-05-09T14:40:10.429944+00:00
ST-2127,ST-3184,37.635391,127.034554,37.624912,127.019791,OK,15.0,11.3,3265.0,,2026-05-09T14:40:10.850790+00:00
ST-2127,ST-3193,37.635391,127.034554,37.62302,127.021866,OK,17.0,6.8,2746.0,,2026-05-09T14:40:11.270727+00:00
ST-2127,ST-643,37.635391,127.034554,37.639263,127.026726,OK,6.1,4.2,1200.0,,2026-05-09T14:40:11.723727+00:00
ST-2127,ST-644,37.635391,127.034554,37.624157,127.018623,OK,15.8,12.9,3484.0,,2026-05-09T14:40:12.961511+00:00
ST-2127,ST-645,37.635391,127.034554,37.640327,127.013359,OK,21.0,17.6,3100.0,,2026-05-09T14:40:13.343474+00:00
ST-2127,ST-647,37.635391,127.034554,37.62714,127.026695,OK,14.3,6.8,2520.0,,2026-05-09T14:40:13.778703+00:00
ST-2127,ST-650,37.635391,127.034554,37.639862,127.022789,OK,11.5,4.2,1458.0,,2026-05-09T14:40:15.000283+00:00
ST-2127,ST-652,37.635391,127.034554,37.639793,127.016853,OK,15.6,11.3,3191.0,,2026-05-09T14:40:15.418845+00:00
ST-2127,ST-654,37.635391,127.034554,37.643085,127.016167,OK,14.8,11.3,3124.0,,2026-05-09T14:40:15.848258+00:00
ST-2127,ST-862,37.635391,127.034554,37.644737,127.026566,OK,13.6,3.7,1549.0,,2026-05-09T14:40:17.135212+00:00
ST-2127,ST-863,37.635391,127.034554,37.639671,127.0252,OK,8.8,3.7,1211.0,,2026-05-09T14:40:18.473251+00:00
ST-2127,ST-948,37.635391,127.034554,37.62608,127.026482,OK,12.3,8.8,2885.0,,2026-05-09T14:40:19.683189+00:00
ST-2129,ST-2130,37.632381,127.039307,37.625526,127.037323,OK,7.0,3.3,1066.0,,2026-05-09T14:40:20.885858+00:00
ST-2129,ST-2132,37.632381,127.039307,37.619808,127.028526,OK,13.6,11.7,3801.0,,2026-05-09T14:40:22.173269+00:00
ST-2129,ST-2134,37.632381,127.039307,37.635612,127.022995,OK,9.8,8.0,2217.0,,2026-05-09T14:40:23.440648+00:00
ST-2129,ST-2137,37.632381,127.039307,37.63797,127.025902,OK,7.5,5.6,1590.0,,2026-05-09T14:40:23.888420+00:00
ST-2129,ST-2405,37.632381,127.039307,37.616699,127.030495,OK,11.3,7.2,2450.0,,2026-05-09T14:40:25.209090+00:00
ST-2129,ST-2458,37.632381,127.039307,37.617088,127.028099,OK,15.6,7.2,2665.0,,2026-05-09T14:40:25.624143+00:00
ST-2129,ST-2459,37.632381,127.039307,37.637135,127.03138,OK,8.2,2.2,988.0,,2026-05-09T14:40:26.890050+00:00
ST-2129,ST-3184,37.632381,127.039307,37.624912,127.019791,OK,15.7,12.7,3669.0,,2026-05-09T14:40:27.634175+00:00
ST-2129,ST-3193,37.632381,127.039307,37.62302,127.021866,OK,20.1,15.2,4177.0,,2026-05-09T14:40:28.093161+00:00
ST-2129,ST-643,37.632381,127.039307,37.639263,127.026726,OK,6.8,5.6,1603.0,,2026-05-09T14:40:28.821952+00:00
ST-2129,ST-646,37.632381,127.039307,37.638805,127.028358,OK,5.5,3.8,1242.0,,2026-05-09T14:40:30.080845+00:00
ST-2129,ST-647,37.632381,127.039307,37.62714,127.026695,OK,13.3,9.4,2504.0,,2026-05-09T14:40:30.544815+00:00
ST-2129,ST-650,37.632381,127.039307,37.639862,127.022789,OK,12.1,5.6,1839.0,,2026-05-09T14:40:30.927406+00:00
ST-2129,ST-862,37.632381,127.039307,37.644737,127.026566,OK,17.0,10.9,3222.0,,2026-05-09T14:40:31.319787+00:00
ST-2129,ST-863,37.632381,127.039307,37.639671,127.0252,OK,9.2,5.6,1657.0,,2026-05-09T14:40:32.613796+00:00
ST-2129,ST-948,37.632381,127.039307,37.62608,127.026482,OK,14.7,9.6,2577.0,,2026-05-09T14:40:33.096363+00:00
ST-2130,ST-2132,37.625526,127.037323,37.619808,127.028526,OK,11.8,4.0,1808.0,,2026-05-09T14:40:34.356749+00:00
ST-2130,ST-2134,37.625526,127.037323,37.635612,127.022995,OK,15.6,9.2,2689.0,,2026-05-09T14:40:35.655263+00:00
ST-2130,ST-2137,37.625526,127.037323,37.63797,127.025902,OK,15.9,9.2,2812.0,,2026-05-09T14:40:36.947315+00:00
ST-2130,ST-2405,37.625526,127.037323,37.616699,127.030495,OK,6.4,4.0,1461.0,,2026-05-09T14:40:38.242964+00:00
ST-2130,ST-2458,37.625526,127.037323,37.617088,127.028099,OK,10.6,4.0,1676.0,,2026-05-09T14:40:38.730184+00:00
ST-2130,ST-2459,37.625526,127.037323,37.637135,127.03138,OK,12.1,6.2,2070.0,,2026-05-09T14:40:39.098391+00:00
ST-2130,ST-2461,37.625526,127.037323,37.612209,127.024979,OK,17.6,6.1,2295.0,,2026-05-09T14:40:40.454847+00:00
ST-2130,ST-3152,37.625526,127.037323,37.635361,127.037674,OK,8.9,4.5,1563.0,,2026-05-09T14:40:40.836440+00:00
ST-2130,ST-3184,37.625526,127.037323,37.624912,127.019791,OK,21.0,13.1,3861.0,,2026-05-09T14:40:42.688229+00:00
ST-2130,ST-3193,37.625526,127.037323,37.62302,127.021866,OK,20.3,10.4,3332.0,,2026-05-09T14:40:43.924709+00:00
ST-2130,ST-3234,37.625526,127.037323,37.617928,127.021362,OK,14.2,11.5,3180.0,,2026-05-09T14:40:44.366564+00:00
ST-2130,ST-643,37.625526,127.037323,37.639263,127.026726,OK,13.0,8.0,2586.0,,2026-05-09T14:40:44.854471+00:00
ST-2130,ST-644,37.625526,127.037323,37.624157,127.018623,OK,17.8,13.1,3780.0,,2026-05-09T14:40:46.131148+00:00
ST-2130,ST-646,37.625526,127.037323,37.638805,127.028358,OK,15.4,13.6,3254.0,,2026-05-09T14:40:47.404979+00:00
ST-2130,ST-647,37.625526,127.037323,37.62714,127.026695,OK,11.6,5.9,1697.0,,2026-05-09T14:40:48.668115+00:00
ST-2130,ST-648,37.625526,127.037323,37.618286,127.024048,OK,14.0,9.0,2713.0,,2026-05-09T14:40:49.111275+00:00
ST-2130,ST-859,37.625526,127.037323,37.634377,127.035751,OK,8.2,4.5,1502.0,,2026-05-09T14:40:49.528218+00:00
ST-2130,ST-860,37.625526,127.037323,37.633717,127.035515,OK,9.2,4.5,1550.0,,2026-05-09T14:40:50.776395+00:00
ST-2130,ST-863,37.625526,127.037323,37.639671,127.0252,OK,19.4,9.2,2988.0,,2026-05-09T14:40:52.087783+00:00
ST-2130,ST-948,37.625526,127.037323,37.62608,127.026482,OK,12.0,5.9,1687.0,,2026-05-09T14:40:52.462832+00:00
ST-2132,ST-2134,37.619808,127.028526,37.635612,127.022995,OK,14.0,10.5,2574.0,,2026-05-09T14:40:52.926657+00:00
ST-2132,ST-2401,37.619808,127.028526,37.626572,127.038643,OK,16.8,10.7,2740.0,,2026-05-09T14:40:54.245660+00:00
ST-2132,ST-2459,37.619808,127.028526,37.637135,127.03138,OK,15.2,7.6,2998.0,,2026-05-09T14:40:55.063883+00:00
ST-2132,ST-2461,37.619808,127.028526,37.612209,127.024979,OK,13.2,1.9,1143.0,,2026-05-09T14:40:55.505171+00:00
ST-2132,ST-2610,37.619808,127.028526,37.628685,127.043907,OK,19.6,12.0,3282.0,,2026-05-09T14:40:56.757733+00:00
ST-2132,ST-3152,37.619808,127.028526,37.635361,127.037674,OK,14.1,10.7,3501.0,,2026-05-09T14:40:58.036791+00:00
ST-2132,ST-3184,37.619808,127.028526,37.624912,127.019791,OK,15.2,5.4,1623.0,,2026-05-09T14:40:58.468062+00:00
ST-2132,ST-644,37.619808,127.028526,37.624157,127.018623,OK,11.9,5.4,1542.0,,2026-05-09T14:40:58.987097+00:00
ST-2132,ST-647,37.619808,127.028526,37.62714,127.026695,OK,10.8,4.2,1492.0,,2026-05-09T14:41:00.283247+00:00
ST-2132,ST-859,37.619808,127.028526,37.634377,127.035751,OK,15.5,12.5,3588.0,,2026-05-09T14:41:01.538401+00:00
ST-2132,ST-860,37.619808,127.028526,37.633717,127.035515,OK,16.5,12.5,3647.0,,2026-05-09T14:41:02.769156+00:00
ST-2132,ST-948,37.619808,127.028526,37.62608,127.026482,OK,8.4,4.2,1380.0,,2026-05-09T14:41:03.253560+00:00
ST-2133,ST-2134,37.649597,127.013847,37.635612,127.022995,OK,12.4,8.2,2249.0,,2026-05-09T14:41:03.723304+00:00
ST-2133,ST-2137,37.649597,127.013847,37.63797,127.025902,OK,10.3,7.0,1895.0,,2026-05-09T14:41:05.028878+00:00
ST-2133,ST-2402,37.649597,127.013847,37.664463,127.011841,OK,6.8,3.0,1735.0,,2026-05-09T14:41:06.325023+00:00
ST-2133,ST-643,37.649597,127.013847,37.639263,127.026726,OK,9.4,5.4,1669.0,,2026-05-09T14:41:06.816453+00:00
ST-2133,ST-645,37.649597,127.013847,37.640327,127.013359,OK,7.5,2.0,1301.0,,2026-05-09T14:41:07.240727+00:00
ST-2133,ST-646,37.649597,127.013847,37.638805,127.028358,OK,11.1,5.4,1798.0,,2026-05-09T14:41:07.695197+00:00
ST-2133,ST-650,37.649597,127.013847,37.639862,127.022789,OK,10.8,3.4,1433.0,,2026-05-09T14:41:08.188919+00:00
ST-2133,ST-652,37.649597,127.013847,37.639793,127.016853,OK,5.9,2.0,1151.0,,2026-05-09T14:41:08.638911+00:00
ST-2133,ST-654,37.649597,127.013847,37.643085,127.016167,OK,6.1,2.0,1171.0,,2026-05-09T14:41:09.396046+00:00
ST-2133,ST-862,37.649597,127.013847,37.644737,127.026566,OK,11.8,3.4,1466.0,,2026-05-09T14:41:09.864156+00:00
ST-2133,ST-863,37.649597,127.013847,37.639671,127.0252,OK,10.4,5.4,1637.0,,2026-05-09T14:41:10.321901+00:00
ST-2134,ST-2136,37.635612,127.022995,37.647934,127.014572,OK,12.4,6.8,1961.0,,2026-05-09T14:41:10.740400+00:00
ST-2134,ST-2401,37.635612,127.022995,37.626572,127.038643,OK,21.0,11.7,2739.0,,2026-05-09T14:41:11.135488+00:00
ST-2134,ST-2459,37.635612,127.022995,37.637135,127.03138,OK,11.5,3.9,1080.0,,2026-05-09T14:41:12.369840+00:00
ST-2134,ST-2610,37.635612,127.022995,37.628685,127.043907,OK,21.6,14.1,3078.0,,2026-05-09T14:41:13.574397+00:00
ST-2134,ST-3152,37.635612,127.022995,37.635361,127.037674,OK,15.3,10.7,2332.0,,2026-05-09T14:41:14.280747+00:00
ST-2134,ST-3184,37.635612,127.022995,37.624912,127.019791,OK,9.3,4.8,1677.0,,2026-05-09T14:41:15.528374+00:00
ST-2134,ST-3193,37.635612,127.022995,37.62302,127.021866,OK,13.7,7.3,2185.0,,2026-05-09T14:41:15.964612+00:00
ST-2134,ST-3234,37.635612,127.022995,37.617928,127.021362,OK,14.2,9.0,2458.0,,2026-05-09T14:41:16.338163+00:00
ST-2134,ST-644,37.635612,127.022995,37.624157,127.018623,OK,10.2,6.4,1896.0,,2026-05-09T14:41:17.574957+00:00
ST-2134,ST-645,37.635612,127.022995,37.640327,127.013359,OK,10.5,7.0,1831.0,,2026-05-09T14:41:18.800363+00:00
ST-2134,ST-647,37.635612,127.022995,37.62714,127.026695,OK,8.9,2.8,1323.0,,2026-05-09T14:41:19.213159+00:00
ST-2134,ST-648,37.635612,127.022995,37.618286,127.024048,OK,13.6,9.0,2546.0,,2026-05-09T14:41:20.526318+00:00
ST-2134,ST-651,37.635612,127.022995,37.645451,127.015617,OK,8.8,5.9,1800.0,,2026-05-09T14:41:21.902632+00:00
ST-2134,ST-652,37.635612,127.022995,37.639793,127.016853,OK,9.9,4.8,1603.0,,2026-05-09T14:41:23.171285+00:00
ST-2134,ST-654,37.635612,127.022995,37.643085,127.016167,OK,9.1,4.8,1536.0,,2026-05-09T14:41:24.483595+00:00
ST-2134,ST-859,37.635612,127.022995,37.634377,127.035751,OK,13.4,8.3,1715.0,,2026-05-09T14:41:25.789799+00:00
ST-2134,ST-860,37.635612,127.022995,37.633717,127.035515,OK,14.4,8.3,1774.0,,2026-05-09T14:41:26.195696+00:00
ST-2134,ST-862,37.635612,127.022995,37.644737,127.026566,OK,11.2,3.9,1386.0,,2026-05-09T14:41:27.385918+00:00
ST-2134,ST-948,37.635612,127.022995,37.62608,127.026482,OK,8.9,3.5,1576.0,,2026-05-09T14:41:27.799731+00:00
ST-2136,ST-2137,37.647934,127.014572,37.63797,127.025902,OK,10.2,6.8,1857.0,,2026-05-09T14:41:29.123906+00:00
ST-2136,ST-2402,37.647934,127.014572,37.664463,127.011841,OK,12.9,6.8,1993.0,,2026-05-09T14:41:29.531969+00:00
ST-2136,ST-2459,37.647934,127.014572,37.637135,127.03138,OK,17.8,14.5,3401.0,,2026-05-09T14:41:30.825149+00:00
ST-2136,ST-643,37.647934,127.014572,37.639263,127.026726,OK,9.4,5.1,1631.0,,2026-05-09T14:41:32.133315+00:00
ST-2136,ST-645,37.647934,127.014572,37.640327,127.013359,OK,9.7,3.0,1175.0,,2026-05-09T14:41:32.872123+00:00
ST-2136,ST-646,37.647934,127.014572,37.638805,127.028358,OK,11.8,7.2,1887.0,,2026-05-09T14:41:33.327784+00:00
ST-2136,ST-650,37.647934,127.014572,37.639862,127.022789,OK,11.8,5.1,1779.0,,2026-05-09T14:41:34.626497+00:00
ST-2136,ST-652,37.647934,127.014572,37.639793,127.016853,OK,8.2,3.0,1086.0,,2026-05-09T14:41:34.986823+00:00
ST-2136,ST-862,37.647934,127.014572,37.644737,127.026566,OK,11.8,3.1,1428.0,,2026-05-09T14:41:36.258575+00:00
ST-2136,ST-863,37.647934,127.014572,37.639671,127.0252,OK,10.4,5.1,1599.0,,2026-05-09T14:41:36.767011+00:00
ST-2137,ST-2401,37.63797,127.025902,37.626572,127.038643,OK,15.0,8.8,2195.0,,2026-05-09T14:41:37.125723+00:00
ST-2137,ST-2610,37.63797,127.025902,37.628685,127.043907,OK,10.7,8.1,2259.0,,2026-05-09T14:41:38.389904+00:00
ST-2137,ST-3152,37.63797,127.025902,37.635361,127.037674,OK,9.1,6.5,1539.0,,2026-05-09T14:41:38.745353+00:00
ST-2137,ST-3184,37.63797,127.025902,37.624912,127.019791,OK,11.8,7.1,2231.0,,2026-05-09T14:41:40.043270+00:00
ST-2137,ST-3193,37.63797,127.025902,37.62302,127.021866,OK,16.2,9.6,2739.0,,2026-05-09T14:41:40.488223+00:00
ST-2137,ST-644,37.63797,127.025902,37.624157,127.018623,OK,12.6,8.8,2450.0,,2026-05-09T14:41:41.012982+00:00
ST-2137,ST-645,37.63797,127.025902,37.640327,127.013359,OK,12.8,6.7,1685.0,,2026-05-09T14:41:41.422182+00:00
ST-2137,ST-647,37.63797,127.025902,37.62714,127.026695,OK,6.7,2.0,1460.0,,2026-05-09T14:41:42.154227+00:00
ST-2137,ST-651,37.63797,127.025902,37.645451,127.015617,OK,11.2,8.2,2353.0,,2026-05-09T14:41:42.958393+00:00
ST-2137,ST-652,37.63797,127.025902,37.639793,127.016853,OK,12.3,7.2,2156.0,,2026-05-09T14:41:44.241014+00:00
ST-2137,ST-654,37.63797,127.025902,37.643085,127.016167,OK,11.5,7.2,2089.0,,2026-05-09T14:41:45.614112+00:00
ST-2137,ST-859,37.63797,127.025902,37.634377,127.035751,OK,7.8,6.3,1331.0,,2026-05-09T14:41:45.967885+00:00
ST-2137,ST-860,37.63797,127.025902,37.633717,127.035515,OK,9.2,6.3,1386.0,,2026-05-09T14:41:47.306194+00:00
ST-2137,ST-862,37.63797,127.025902,37.644737,127.026566,OK,12.6,2.4,954.0,,2026-05-09T14:41:48.556770+00:00
ST-2137,ST-948,37.63797,127.025902,37.62608,127.026482,OK,5.5,2.0,1419.0,,2026-05-09T14:41:49.808741+00:00
ST-2401,ST-2403,37.626572,127.038643,37.616665,127.02211,OK,20.7,12.6,3856.0,,2026-05-09T14:41:50.261344+00:00
ST-2401,ST-2405,37.626572,127.038643,37.616699,127.030495,OK,10.3,4.3,1731.0,,2026-05-09T14:41:51.648784+00:00
ST-2401,ST-2458,37.626572,127.038643,37.617088,127.028099,OK,14.5,4.3,1946.0,,2026-05-09T14:41:53.077510+00:00
ST-2401,ST-2459,37.626572,127.038643,37.637135,127.03138,OK,12.2,5.0,1849.0,,2026-05-09T14:41:54.458399+00:00
ST-2401,ST-2461,37.626572,127.038643,37.612209,127.024979,OK,21.5,6.4,2565.0,,2026-05-09T14:41:55.818820+00:00
ST-2401,ST-3152,37.626572,127.038643,37.635361,127.037674,OK,9.1,3.3,1342.0,,2026-05-09T14:41:56.615836+00:00
ST-2401,ST-3184,37.626572,127.038643,37.624912,127.019791,OK,16.5,10.0,2928.0,,2026-05-09T14:41:57.899330+00:00
ST-2401,ST-3193,37.626572,127.038643,37.62302,127.021866,OK,22.3,12.6,3696.0,,2026-05-09T14:41:59.273068+00:00
ST-2401,ST-3234,37.626572,127.038643,37.617928,127.021362,OK,18.1,11.8,3450.0,,2026-05-09T14:41:59.710395+00:00
ST-2401,ST-643,37.626572,127.038643,37.639263,127.026726,OK,12.2,8.0,2465.0,,2026-05-09T14:42:00.221040+00:00
ST-2401,ST-644,37.626572,127.038643,37.624157,127.018623,OK,21.6,13.5,4050.0,,2026-05-09T14:42:01.580025+00:00
ST-2401,ST-646,37.626572,127.038643,37.638805,127.028358,OK,15.6,12.5,3033.0,,2026-05-09T14:42:02.058673+00:00
ST-2401,ST-647,37.626572,127.038643,37.62714,127.026695,OK,11.7,6.9,1879.0,,2026-05-09T14:42:02.508825+00:00
ST-2401,ST-648,37.626572,127.038643,37.618286,127.024048,OK,17.9,9.4,2983.0,,2026-05-09T14:42:03.038375+00:00
ST-2401,ST-859,37.626572,127.038643,37.634377,127.035751,OK,8.4,3.3,1281.0,,2026-05-09T14:42:04.290933+00:00
ST-2401,ST-860,37.626572,127.038643,37.633717,127.035515,OK,9.4,3.3,1329.0,,2026-05-09T14:42:05.862652+00:00
ST-2401,ST-863,37.626572,127.038643,37.639671,127.0252,OK,14.6,8.0,2519.0,,2026-05-09T14:42:06.703176+00:00
ST-2401,ST-948,37.626572,127.038643,37.62608,127.026482,OK,13.1,7.0,1952.0,,2026-05-09T14:42:07.996606+00:00
ST-2403,ST-2405,37.616665,127.02211,37.616699,127.030495,OK,8.5,3.6,1192.0,,2026-05-09T14:42:08.470129+00:00
ST-2403,ST-3184,37.616665,127.02211,37.624912,127.019791,OK,9.9,2.8,979.0,,2026-05-09T14:42:09.742027+00:00
ST-2403,ST-3193,37.616665,127.02211,37.62302,127.021866,OK,8.3,1.9,764.0,,2026-05-09T14:42:10.182042+00:00
ST-2403,ST-644,37.616665,127.02211,37.624157,127.018623,OK,6.6,2.8,898.0,,2026-05-09T14:42:10.957773+00:00
ST-2403,ST-647,37.616665,127.02211,37.62714,127.026695,OK,15.8,5.0,2297.0,,2026-05-09T14:42:11.753166+00:00
ST-2403,ST-948,37.616665,127.02211,37.62608,127.026482,OK,13.4,5.0,2185.0,,2026-05-09T14:42:13.083060+00:00
ST-2405,ST-2610,37.616699,127.030495,37.628685,127.043907,OK,15.3,11.2,3178.0,,2026-05-09T14:42:14.410607+00:00
ST-2405,ST-3184,37.616699,127.030495,37.624912,127.019791,OK,13.6,5.4,1543.0,,2026-05-09T14:42:15.685352+00:00
ST-2405,ST-3193,37.616699,127.030495,37.62302,127.021866,OK,12.0,4.5,1327.0,,2026-05-09T14:42:16.137481+00:00
ST-2405,ST-3234,37.616699,127.030495,37.617928,127.021362,OK,7.8,3.8,1081.0,,2026-05-09T14:42:17.413974+00:00
ST-2405,ST-644,37.616699,127.030495,37.624157,127.018623,OK,10.3,5.4,1462.0,,2026-05-09T14:42:19.808159+00:00
ST-2405,ST-647,37.616699,127.030495,37.62714,127.026695,OK,12.7,2.0,2037.0,,2026-05-09T14:42:20.228949+00:00
ST-2405,ST-860,37.616699,127.030495,37.633717,127.035515,OK,13.6,9.1,2935.0,,2026-05-09T14:42:20.665705+00:00
ST-2405,ST-948,37.616699,127.030495,37.62608,127.026482,OK,7.0,1.4,1103.0,,2026-05-09T14:42:21.192146+00:00
ST-2458,ST-2610,37.617088,127.028099,37.628685,127.043907,OK,19.3,11.2,3391.0,,2026-05-09T14:42:21.714357+00:00
ST-2458,ST-3184,37.617088,127.028099,37.624912,127.019791,OK,11.4,5.4,1377.0,,2026-05-09T14:42:23.044387+00:00
ST-2458,ST-3193,37.617088,127.028099,37.62302,127.021866,OK,9.8,4.5,1161.0,,2026-05-09T14:42:24.527006+00:00
ST-2458,ST-644,37.617088,127.028099,37.624157,127.018623,OK,8.1,5.4,1296.0,,2026-05-09T14:42:25.281528+00:00
ST-2458,ST-647,37.617088,127.028099,37.62714,127.026695,OK,11.5,1.4,1178.0,,2026-05-09T14:42:26.529252+00:00
ST-2458,ST-860,37.617088,127.028099,37.633717,127.035515,OK,19.2,12.5,3723.0,,2026-05-09T14:42:27.797652+00:00
ST-2458,ST-948,37.617088,127.028099,37.62608,127.026482,OK,9.1,1.4,1066.0,,2026-05-09T14:42:29.157870+00:00
ST-2459,ST-2610,37.637135,127.03138,37.628685,127.043907,OK,7.3,4.2,1491.0,,2026-05-09T14:42:29.581702+00:00
ST-2459,ST-3184,37.637135,127.03138,37.624912,127.019791,OK,15.5,7.5,2963.0,,2026-05-09T14:42:30.104554+00:00
ST-2459,ST-3193,37.637135,127.03138,37.62302,127.021866,OK,16.9,5.5,2565.0,,2026-05-09T14:42:31.484751+00:00
ST-2459,ST-644,37.637135,127.03138,37.624157,127.018623,OK,19.2,8.8,2866.0,,2026-05-09T14:42:32.010387+00:00
ST-2459,ST-645,37.637135,127.03138,37.640327,127.013359,OK,19.1,14.3,3007.0,,2026-05-09T14:42:33.310044+00:00
ST-2459,ST-647,37.637135,127.03138,37.62714,127.026695,OK,14.3,5.5,2339.0,,2026-05-09T14:42:33.968996+00:00
ST-2459,ST-650,37.637135,127.03138,37.639862,127.022789,OK,11.9,1.9,960.0,,2026-05-09T14:42:34.358318+00:00
ST-2459,ST-651,37.637135,127.03138,37.645451,127.015617,OK,13.4,7.9,2388.0,,2026-05-09T14:42:35.680593+00:00
ST-2459,ST-652,37.637135,127.03138,37.639793,127.016853,OK,16.0,9.0,2692.0,,2026-05-09T14:42:37.634019+00:00
ST-2459,ST-654,37.637135,127.03138,37.643085,127.016167,OK,15.2,9.0,2625.0,,2026-05-09T14:42:38.871484+00:00
ST-2459,ST-862,37.637135,127.03138,37.644737,127.026566,OK,14.0,1.4,1051.0,,2026-05-09T14:42:40.103523+00:00
ST-2459,ST-948,37.637135,127.03138,37.62608,127.026482,OK,12.8,6.5,2387.0,,2026-05-09T14:42:40.469962+00:00
ST-2461,ST-3184,37.612209,127.024979,37.624912,127.019791,OK,18.1,5.9,1883.0,,2026-05-09T14:42:41.755171+00:00
ST-2461,ST-3193,37.612209,127.024979,37.62302,127.021866,OK,16.4,5.0,1668.0,,2026-05-09T14:42:43.040224+00:00
ST-2461,ST-3234,37.612209,127.024979,37.617928,127.021362,OK,13.4,3.1,1195.0,,2026-05-09T14:42:43.479814+00:00
ST-2461,ST-644,37.612209,127.024979,37.624157,127.018623,OK,14.8,5.9,1802.0,,2026-05-09T14:42:44.933985+00:00
ST-2461,ST-647,37.612209,127.024979,37.62714,127.026695,OK,13.4,2.0,2116.0,,2026-05-09T14:42:46.227206+00:00
ST-2461,ST-948,37.612209,127.024979,37.62608,127.026482,OK,12.2,2.0,2075.0,,2026-05-09T14:42:46.717551+00:00
ST-2610,ST-3152,37.628685,127.043907,37.635361,127.037674,OK,6.8,2.4,1152.0,,2026-05-09T14:42:47.115514+00:00
ST-2610,ST-643,37.628685,127.043907,37.639263,127.026726,OK,9.8,7.1,2274.0,,2026-05-09T14:42:48.738157+00:00
ST-2610,ST-646,37.628685,127.043907,37.638805,127.028358,OK,8.6,5.2,1913.0,,2026-05-09T14:42:49.206648+00:00
ST-2610,ST-647,37.628685,127.043907,37.62714,127.026695,OK,14.9,7.3,2340.0,,2026-05-09T14:42:49.657989+00:00
ST-2610,ST-859,37.628685,127.043907,37.634377,127.035751,OK,6.1,2.4,1091.0,,2026-05-09T14:42:51.352337+00:00
ST-2610,ST-860,37.628685,127.043907,37.633717,127.035515,OK,7.2,2.4,1139.0,,2026-05-09T14:42:51.766675+00:00
ST-2610,ST-948,37.628685,127.043907,37.62608,127.026482,OK,16.3,7.5,2413.0,,2026-05-09T14:42:53.073568+00:00
ST-3152,ST-3184,37.635361,127.037674,37.624912,127.019791,OK,17.3,11.8,3468.0,,2026-05-09T14:42:54.966746+00:00
ST-3152,ST-3193,37.635361,127.037674,37.62302,127.021866,OK,21.7,14.3,3976.0,,2026-05-09T14:43:02.103303+00:00
ST-3152,ST-643,37.635361,127.037674,37.639263,127.026726,OK,8.4,4.6,1402.0,,2026-05-09T14:43:03.373539+00:00
ST-3152,ST-646,37.635361,127.037674,37.638805,127.028358,OK,7.1,2.8,1041.0,,2026-05-09T14:43:03.834385+00:00
ST-3152,ST-647,37.635361,127.037674,37.62714,127.026695,OK,16.1,6.8,2676.0,,2026-05-09T14:43:04.332087+00:00
ST-3152,ST-650,37.635361,127.037674,37.639862,127.022789,OK,13.6,4.6,1638.0,,2026-05-09T14:43:07.066995+00:00
ST-3152,ST-652,37.635361,127.037674,37.639793,127.016853,OK,17.9,11.8,3393.0,,2026-05-09T14:43:07.493239+00:00
ST-3152,ST-862,37.635361,127.037674,37.644737,127.026566,OK,16.3,3.7,1689.0,,2026-05-09T14:43:07.890474+00:00
ST-3152,ST-863,37.635361,127.037674,37.639671,127.0252,OK,10.8,4.6,1456.0,,2026-05-09T14:43:09.762609+00:00
ST-3152,ST-948,37.635361,127.037674,37.62608,127.026482,OK,15.1,8.8,3025.0,,2026-05-09T14:43:10.148059+00:00
ST-3184,ST-3234,37.624912,127.019791,37.617928,127.021362,OK,8.2,2.6,838.0,,2026-05-09T14:43:10.586186+00:00
ST-3184,ST-643,37.624912,127.019791,37.639263,127.026726,OK,13.3,9.2,2240.0,,2026-05-09T14:43:11.065314+00:00
ST-3184,ST-645,37.624912,127.019791,37.640327,127.013359,OK,13.0,9.2,2393.0,,2026-05-09T14:43:11.803319+00:00
ST-3184,ST-646,37.624912,127.019791,37.638805,127.028358,OK,16.6,10.3,2674.0,,2026-05-09T14:43:12.320451+00:00
ST-3184,ST-648,37.624912,127.019791,37.618286,127.024048,OK,10.8,2.6,962.0,,2026-05-09T14:43:12.840975+00:00
ST-3184,ST-650,37.624912,127.019791,37.639862,127.022789,OK,17.0,7.9,2342.0,,2026-05-09T14:43:13.370628+00:00
ST-3184,ST-652,37.624912,127.019791,37.639793,127.016853,OK,12.2,6.8,2175.0,,2026-05-09T14:43:13.866851+00:00
ST-3184,ST-859,37.624912,127.019791,37.634377,127.035751,OK,16.5,14.2,3273.0,,2026-05-09T14:43:14.398823+00:00
ST-3184,ST-860,37.624912,127.019791,37.633717,127.035515,OK,17.9,14.2,3328.0,,2026-05-09T14:43:14.917069+00:00
ST-3184,ST-863,37.624912,127.019791,37.639671,127.0252,OK,15.2,7.9,2232.0,,2026-05-09T14:43:16.297253+00:00
ST-3193,ST-643,37.62302,127.021866,37.639263,127.026726,OK,18.9,12.3,3090.0,,2026-05-09T14:43:16.839871+00:00
ST-3193,ST-646,37.62302,127.021866,37.638805,127.028358,OK,15.4,7.3,2479.0,,2026-05-09T14:43:18.127943+00:00
ST-3193,ST-650,37.62302,127.021866,37.639862,127.022789,OK,20.8,9.9,2874.0,,2026-05-09T14:43:19.534377+00:00
ST-3193,ST-652,37.62302,127.021866,37.639793,127.016853,OK,13.4,5.1,2710.0,,2026-05-09T14:43:20.847445+00:00
ST-3193,ST-859,37.62302,127.021866,37.634377,127.035751,OK,19.7,11.1,3295.0,,2026-05-09T14:43:22.121631+00:00
ST-3193,ST-860,37.62302,127.021866,37.633717,127.035515,OK,20.7,11.1,3354.0,,2026-05-09T14:43:23.410873+00:00
ST-3193,ST-863,37.62302,127.021866,37.639671,127.0252,OK,19.1,9.9,2764.0,,2026-05-09T14:43:24.785289+00:00
ST-3234,ST-644,37.617928,127.021362,37.624157,127.018623,OK,6.7,2.8,751.0,,2026-05-09T14:43:26.068802+00:00
ST-3234,ST-647,37.617928,127.021362,37.62714,127.026695,OK,21.1,1.9,1242.0,,2026-05-09T14:43:27.442248+00:00
ST-3234,ST-948,37.617928,127.021362,37.62608,127.026482,OK,19.0,1.9,1145.0,,2026-05-09T14:43:27.899611+00:00
ST-643,ST-644,37.639263,127.026726,37.624157,127.018623,OK,11.8,8.8,2463.0,,2026-05-09T14:43:29.204220+00:00
ST-643,ST-645,37.639263,127.026726,37.640327,127.013359,OK,10.1,6.7,1541.0,,2026-05-09T14:43:30.556523+00:00
ST-643,ST-647,37.639263,127.026726,37.62714,127.026695,OK,8.2,2.0,1614.0,,2026-05-09T14:43:31.042311+00:00
ST-643,ST-651,37.639263,127.026726,37.645451,127.015617,OK,11.1,6.5,1951.0,,2026-05-09T14:43:32.284373+00:00
ST-643,ST-652,37.639263,127.026726,37.639793,127.016853,OK,11.3,5.9,1427.0,,2026-05-09T14:43:32.736223+00:00
ST-643,ST-654,37.639263,127.026726,37.643085,127.016167,OK,10.8,7.2,2102.0,,2026-05-09T14:43:33.173449+00:00
ST-643,ST-859,37.639263,127.026726,37.634377,127.035751,OK,7.5,5.0,1107.0,,2026-05-09T14:43:34.441154+00:00
ST-643,ST-860,37.639263,127.026726,37.633717,127.035515,OK,8.8,5.0,1162.0,,2026-05-09T14:43:35.801351+00:00
ST-643,ST-948,37.639263,127.026726,37.62608,127.026482,OK,7.0,2.0,1573.0,,2026-05-09T14:43:36.233049+00:00
ST-644,ST-645,37.624157,127.018623,37.640327,127.013359,OK,13.8,9.2,2406.0,,2026-05-09T14:43:36.747211+00:00
ST-644,ST-646,37.624157,127.018623,37.638805,127.028358,OK,17.5,10.3,2687.0,,2026-05-09T14:43:38.066874+00:00
ST-644,ST-647,37.624157,127.018623,37.62714,127.026695,OK,9.3,5.1,1036.0,,2026-05-09T14:43:38.903743+00:00
ST-644,ST-648,37.624157,127.018623,37.618286,127.024048,OK,7.5,2.6,869.0,,2026-05-09T14:43:40.177419+00:00
ST-644,ST-650,37.624157,127.018623,37.639862,127.022789,OK,17.8,7.9,2355.0,,2026-05-09T14:43:41.036278+00:00
ST-644,ST-652,37.624157,127.018623,37.639793,127.016853,OK,13.0,6.8,2188.0,,2026-05-09T14:43:41.488475+00:00
ST-644,ST-859,37.624157,127.018623,37.634377,127.035751,OK,17.3,14.2,3286.0,,2026-05-09T14:43:42.711037+00:00
ST-644,ST-860,37.624157,127.018623,37.633717,127.035515,OK,18.7,14.2,3341.0,,2026-05-09T14:43:43.988253+00:00
ST-644,ST-863,37.624157,127.018623,37.639671,127.0252,OK,16.1,7.9,2245.0,,2026-05-09T14:43:45.295127+00:00
ST-644,ST-948,37.624157,127.018623,37.62608,127.026482,OK,6.5,2.9,763.0,,2026-05-09T14:43:45.683739+00:00
ST-645,ST-646,37.640327,127.013359,37.638805,127.028358,OK,14.6,9.0,2710.0,,2026-05-09T14:43:47.016176+00:00
ST-645,ST-647,37.640327,127.013359,37.62714,127.026695,OK,14.7,7.4,2637.0,,2026-05-09T14:43:47.546958+00:00
ST-645,ST-650,37.640327,127.013359,37.639862,127.022789,OK,8.1,4.3,1146.0,,2026-05-09T14:43:48.929530+00:00
ST-645,ST-862,37.640327,127.013359,37.644737,127.026566,OK,13.8,3.1,1309.0,,2026-05-09T14:43:49.335152+00:00
ST-645,ST-863,37.640327,127.013359,37.639671,127.0252,OK,11.6,4.3,1336.0,,2026-05-09T14:43:49.858586+00:00
ST-645,ST-948,37.640327,127.013359,37.62608,127.026482,OK,16.2,11.4,3019.0,,2026-05-09T14:43:51.190982+00:00
ST-646,ST-647,37.638805,127.028358,37.62714,127.026695,OK,12.8,6.5,2231.0,,2026-05-09T14:43:52.541954+00:00
ST-646,ST-651,37.638805,127.028358,37.645451,127.015617,OK,11.4,7.9,2114.0,,2026-05-09T14:43:52.999609+00:00
ST-646,ST-652,37.638805,127.028358,37.639793,127.016853,OK,14.0,9.0,2418.0,,2026-05-09T14:43:54.281993+00:00
ST-646,ST-654,37.638805,127.028358,37.643085,127.016167,OK,13.2,9.0,2351.0,,2026-05-09T14:43:55.507016+00:00
ST-646,ST-859,37.638805,127.028358,37.634377,127.035751,OK,4.5,4.1,886.0,,2026-05-09T14:43:56.228908+00:00
ST-646,ST-860,37.638805,127.028358,37.633717,127.035515,OK,5.8,4.1,941.0,,2026-05-09T14:43:56.692130+00:00
ST-646,ST-948,37.638805,127.028358,37.62608,127.026482,OK,10.7,6.5,2113.0,,2026-05-09T14:43:58.005590+00:00
ST-647,ST-648,37.62714,127.026695,37.618286,127.024048,OK,13.5,7.3,2009.0,,2026-05-09T14:43:58.499981+00:00
ST-647,ST-650,37.62714,127.026695,37.639862,127.022789,OK,10.9,2.0,1744.0,,2026-05-09T14:43:59.906698+00:00
ST-647,ST-652,37.62714,127.026695,37.639793,127.016853,OK,15.0,10.2,2501.0,,2026-05-09T14:44:01.165215+00:00
ST-647,ST-654,37.62714,127.026695,37.643085,127.016167,OK,14.2,10.2,2434.0,,2026-05-09T14:44:01.695246+00:00
ST-647,ST-859,37.62714,127.026695,37.634377,127.035751,OK,12.1,10.1,2528.0,,2026-05-09T14:44:03.015036+00:00
ST-647,ST-860,37.62714,127.026695,37.633717,127.035515,OK,13.1,10.1,2587.0,,2026-05-09T14:44:04.241731+00:00
ST-647,ST-862,37.62714,127.026695,37.644737,127.026566,OK,15.3,7.3,3111.0,,2026-05-09T14:44:05.586100+00:00
ST-647,ST-863,37.62714,127.026695,37.639671,127.0252,OK,9.1,2.0,1626.0,,2026-05-09T14:44:06.870691+00:00
ST-648,ST-860,37.618286,127.024048,37.633717,127.035515,OK,23.7,19.4,4366.0,,2026-05-09T14:44:07.340028+00:00
ST-648,ST-948,37.618286,127.024048,37.62608,127.026482,OK,16.2,9.4,2147.0,,2026-05-09T14:44:08.736748+00:00
ST-650,ST-651,37.639862,127.022789,37.645451,127.015617,OK,11.8,5.1,1741.0,,2026-05-09T14:44:10.020512+00:00
ST-650,ST-859,37.639862,127.022789,37.634377,127.035751,OK,13.4,5.0,1447.0,,2026-05-09T14:44:11.937089+00:00
ST-650,ST-860,37.639862,127.022789,37.633717,127.035515,OK,14.8,5.0,1502.0,,2026-05-09T14:44:12.393072+00:00
ST-650,ST-948,37.639862,127.022789,37.62608,127.026482,OK,10.6,2.0,1702.0,,2026-05-09T14:44:13.676343+00:00
ST-651,ST-862,37.645451,127.015617,37.644737,127.026566,OK,13.0,1.6,1197.0,,2026-05-09T14:44:15.017561+00:00
ST-651,ST-863,37.645451,127.015617,37.639671,127.0252,OK,11.6,3.6,1368.0,,2026-05-09T14:44:16.297913+00:00
ST-652,ST-859,37.639793,127.016853,37.634377,127.035751,OK,16.7,12.8,3402.0,,2026-05-09T14:44:17.635269+00:00
ST-652,ST-860,37.639793,127.016853,37.633717,127.035515,OK,17.7,12.8,3461.0,,2026-05-09T14:44:18.885167+00:00
ST-652,ST-862,37.639793,127.016853,37.644737,127.026566,OK,13.1,2.2,1153.0,,2026-05-09T14:44:20.260680+00:00
ST-652,ST-863,37.639793,127.016853,37.639671,127.0252,OK,10.9,3.4,1180.0,,2026-05-09T14:44:21.581276+00:00
ST-652,ST-948,37.639793,127.016853,37.62608,127.026482,OK,14.2,8.1,2859.0,,2026-05-09T14:44:22.052919+00:00
ST-654,ST-859,37.643085,127.016167,37.634377,127.035751,OK,15.0,11.7,3029.0,,2026-05-09T14:44:22.509343+00:00
ST-654,ST-860,37.643085,127.016167,37.633717,127.035515,OK,16.0,11.7,3088.0,,2026-05-09T14:44:23.824143+00:00
ST-654,ST-862,37.643085,127.016167,37.644737,127.026566,OK,14.2,4.3,1878.0,,2026-05-09T14:44:25.139684+00:00
ST-654,ST-863,37.643085,127.016167,37.639671,127.0252,OK,12.8,6.4,2049.0,,2026-05-09T14:44:25.593948+00:00
ST-859,ST-862,37.634377,127.035751,37.644737,127.026566,OK,14.4,3.7,1551.0,,2026-05-09T14:44:26.060231+00:00
ST-859,ST-863,37.634377,127.035751,37.639671,127.0252,OK,9.6,3.7,1213.0,,2026-05-09T14:44:26.811799+00:00
ST-859,ST-948,37.634377,127.035751,37.62608,127.026482,OK,13.2,8.8,2887.0,,2026-05-09T14:44:28.240343+00:00
ST-860,ST-862,37.633717,127.035515,37.644737,127.026566,OK,15.4,3.7,1613.0,,2026-05-09T14:44:30.541749+00:00
ST-860,ST-863,37.633717,127.035515,37.639671,127.0252,OK,10.6,3.7,1275.0,,2026-05-09T14:44:31.057436+00:00
ST-860,ST-948,37.633717,127.035515,37.62608,127.026482,OK,14.2,8.8,2949.0,,2026-05-09T14:44:32.430136+00:00
ST-863,ST-948,37.639671,127.0252,37.62608,127.026482,OK,8.9,2.0,1584.0,,2026-05-09T14:44:32.871846+00:00
